"<built-in function id>,001priyank"
"<built-in function id>,flakmonkey"
"<built-in function id>,Mandar-Shinde"
"<built-in function id>,pcworld"
"<built-in function id>,01walid"
"<built-in function id>,0505gonzalez"
"<built-in function id>,wuyingk"
"<built-in function id>,BharatJagtap"
"<built-in function id>,jkingsbery"
"<built-in function id>,eng1neer"
"<built-in function id>,kylegio"
"<built-in function id>,e-s-a-i"
"<built-in function id>,0xPr0xy"
"<built-in function id>,tresh"
"<built-in function id>,atomsymbol"
"<built-in function id>,AlexDenisov"
"<built-in function id>,h2ero"
"<built-in function id>,imxxb"
"<built-in function id>,andyvanee"
"<built-in function id>,billgarrison"
"<built-in function id>,cystbear"
"<built-in function id>,lifchicker"
"<built-in function id>,1int"
"<built-in function id>,vruc"
"<built-in function id>,h63542"
"<built-in function id>,chandanjade"
"<built-in function id>,dude7dude9"
"<built-in function id>,nickers"
"<built-in function id>,saumya"
"<built-in function id>,blankboy"
"<built-in function id>,lichuan"
"<built-in function id>,321cyb"
"<built-in function id>,32bitkid"
"<built-in function id>,Naoyuk"
"<built-in function id>,luoxubin"
"<built-in function id>,3komma14"
"<built-in function id>,3rl"
"<built-in function id>,tsingxu"
"<built-in function id>,4141done"
"<built-in function id>,olegflo"
"<built-in function id>,devbraham"
"<built-in function id>,namlet"
"<built-in function id>,4orbit"
"<built-in function id>,AjayTripathy"
"<built-in function id>,CageLiu"
"<built-in function id>,5468sun"
"<built-in function id>,sakti"
"1126094;591785,001priyank"
"1016088;657108,flakmonkey"
"507660;694891,Mandar-Shinde"
"1506734;1543768,pcworld"
"983020;513327,01walid"
"719669;1522845,0505gonzalez"
"1583063;778333,wuyingk"
"953491;557961,BharatJagtap"
"457178;72908,jkingsbery"
"1079094;803280,eng1neer"
"343615;544221,kylegio"
"1015449;673970,e-s-a-i"
"1050853;764155,0xPr0xy"
"163822;118861,tresh"
"22368256;811773,atomsymbol"
"1175576;829116,AlexDenisov"
"1262641;882127,h2ero"
"511055;734588,imxxb"
"212280;807865,andyvanee"
"63499;53912,billgarrison"
"412004;890866,cystbear"
"26699;157466,lifchicker"
"1285300;1137406,1int"
"208232;1425131,vruc"
"395731;1059905,h63542"
"1411652;1027952,chandanjade"
"977315;717154,dude7dude9"
"77998;1518143,nickers"
"160211;269244,saumya"
"1171204;705254,blankboy"
"511294;941931,lichuan"
"725053;700875,321cyb"
"73438;373378,32bitkid"
"814687;1050860,Naoyuk"
"1559994;1287787,luoxubin"
"307108;438781,3komma14"
"421057;460734,3rl"
"1390445;1003213,tsingxu"
"785331;931978,4141done"
"271690;324878,olegflo"
"719838;26406,devbraham"
"60198;673882,namlet"
"404404;522404,4orbit"
"453512;798714,AjayTripathy"
"944575;1254873,CageLiu"
"816326;905368,5468sun"
"196178;460455,sakti"
"1100639;714573,loma"
"1571409;918143,57uff3r"
"620615;712734,devbian"
"280916;211641,5thWall"
"610683;1078303,628426"
"415292;1450250,Hardtack"
"688545;1320098,6a209"
"389787;579266,xuwei-k"
"456581;879672,rockpile"
"338079;767177,Thinking80s"
"359569;869587,7696122"
"509753;971354,7akimz"
"995429;1236497,7h3kk1d"
"591094;1057262,jerray"
"464761;607055,andredublin"
"1548915;1389252,oxffffffff"
"1221831;964271,MysqlProxy"
"1528615;1564660,sdujq"
"37205;386803,rtcoms"
"222455;1053202,guange2015"
"925471;1102960,myavuz"
"30594;182954,andreypopp"
"829944;1309740,utter-step"
"847201;1276979,newset"
"1298546;1046816,91bilal"
"1351465;1201691,liuxingIphone"
"958044;975205,peteo"
"1089015;1175977,furtherLee"
"953163;767514,99blues"
"634032;1423473,erthalion"
"103131;390523,9re"
"44740;839244,metacortex"
"9717944;691899,abelmokadem"
"55744;99379,ahundt"
"1068543;903877,adamsiem"
"353469;1100963,acolson"
"96456;239784,ASKobayashi"
"469375;841593,Tidwell"
"60481;1141784,AaronAsAChimp"
"951133;834455,hybrisCole"
"297282;285496,MrAdam"
"243048;284428,akoprow"
"1119558;1500225,AdrianArtiles"
"856453;799502,anodynos"
"1394909;1334795,Basimooo777"
"1373949;386064,AhmedSalem"
"3902086;743646,ainsleyc"
"111997;46220,alanc"
"456077;351717,AlanHee"
"1136550;625001,Cyberax"
"1183752;601185,ashumkin"
"194539;1085302,mekhovov"
"960894;1065291,intval"
"395482;1193028,AliSajid"
"222319;212196,AloneRoad"
"95525;1232802,AmyStephen"
"148258;415902,Anber"
"436680;335588,AndorChen"
"646599;394327,andrejbauer"
"457374;988645,preludedrew"
"1207163;296605,armount"
"289775;4827,DoryuX"
"668551;712954,Ordojan"
"3668;452181,andriytyurnikov"
"1321151;1540181,Chevich"
"36169;792703,spohnan"
"828610;1286044,arosequist"
"426434;366435,shoumikhin"
"553751;214248,aethelwulffe"
"96711;608820,augusto"
"7751;16795,AustinWise"
"1158322;1325423,Avkash"
"1005866;1503063,RJPalmer"
"116915;6366,ayende"
"1188549;258901,rezun"
"1468653;1378789,cbsheng"
"769888;1144475,bnd5k"
"769888;1144475,bnd5k"
"20596;1072200,BRIMIL01"
"730398;990769,bearnun"
"5470;783937,Empact"
"282759;984000,benbalter"
"82614;61712,BenHall"
"287379;160917,bguest"
"333554;503993,workingBen"
"1510083;1392543,benwhit"
"357576;247675,bergmannf"
"1085004;51001,biemond"
"185985;352455,Spidey01"
"71370;1320630,wdrwilson"
"316441;841361,bcentinaro"
"316441;841361,bcentinaro"
"316441;841361,bcentinaro"
"1028407;1193658,BlinksTale"
"51141;916905,BlueT"
"1268093;932279,BlzFans"
"372852;15695,BoD"
"1479713;1368589,bcbrown"
"345019;708355,BrentLabasan"
"451045;671169,brett-richardson"
"328508;837730,BSierakowski"
"157821;1110113,borisbrodski"
"145380;14609,scruffles"
"120986;375842,christosc"
"1653081;1325408,C24IO"
"361566;453154,cjnickel"
"845654;361647,CHawk32"
"477604;4828,cwick"
"1573967;975904,CarrKnight"
"131053;285618,CarterA"
"613573;749467,CashWilliams"
"261027;527185,Chandu"
"56850;57055,Chaosteil"
"1178905;327224,cbaxter"
"928322;681324,MrChrisJohnson"
"979369;125663,chrisalice"
"133760;584821,Slinkkay"
"53531;27025,PHLAK"
"606898;648439,kenzic"
"123820;263251,saintedlama"
"653156;113887,CKarper"
"4512310;1056499,cyamba"
"748507;1520718,chussenot"
"223185;755257,cbeleites"
"249048;592536,AcidLeroy"
"249048;592536,AcidLeroy"
"1379572;320750,CodyClark"
"192091;414260,IAmCorbin"
"755349;541742,corvec"
"12908;1246914,crazylion"
"1665464;1137259,emostafa"
"545502;561886,davidmurray"
"916772;1480270,Cythes"
"883127;1246954,dasg"
"1517727;912016,Baidaly"
"873584;1043233,88250"
"1622290;1289777,bonjovax"
"818010;1060522,DNCrane"
"535257;1440662,Arrorn"
"1111852;263485,DSblizzard"
"69009;613497,daifu"
"1005594;200807,damonachey"
"12154;117474,djurczak"
"84087;1946,thedeeno"
"711649;1001443,dewyatt"
"353357;387390,DanielNill"
"366926;424273,danielgindi"
"353357;387390,DanielNill"
"849136;1203736,daniilyar"
"877549;721269,JoelKatz"
"1043027;960026,DelusionalLogic"
"69591;349488,denniscollective"
"792292;781341,HomeSchoolDev"
"24641765;11137,Penguio-Framework"
"1344021;1412025,YuDaSe"
"965514;611036,enav"
"730767;589828,DizzyThermal"
"1160699;1083138,budnik"
"78437;199781,DmitrySkiba"
"116275;158594,sushdm"
"22726;373986,DmitryBaranovskiy"
"1163470;845231,DonnOMalley"
"730717;1353981,DrMartiner"
"725993;768859,DrPppr242"
"1130688;1159050,drewverlee"
"179763;205185,DuncanMC"
"367860;136892,Dygear"
"343910;321090,Dyldog"
"954402;1440192,dylanahsmith"
"454825;749378,bsdf"
"71530;187769,RandomInsano"
"775851;237169,unignorant"
"41545;106,EndangeredMassa"
"858989;1554583,enleur"
"1054901;615052,Erfankam"
"748917;331025,EricMCornelius"
"20335;226701,EricPKerr"
"137777;2730,motowilliams"
"612686;865555,eazynow"
"61227;817898,Etrnls"
"1250837;831456,eugenekudashev-zz"
"1164858;404347,akshaal"
"1146412;1365324,EyalAr"
"636804;633184,fabiancarlos"
"63114;74020,FarMcKon"
"95928;855184,Farcek"
"822510;774086,alFReD-NSH"
"1132582;1024911,Feacur"
"740343;800152,LainIwakura"
"1072598;962090,Fitblip"
"1280130;458793,4ian"
"849817;1538918,FlyersPh9"
"1087957;123204,Foxandxss"
"318489;173677,FractalizeR"
"1289487;1288860,GeorgeW"
"167167;464609,GRMrGecko"
"1313787;1026598,Gabriel439"
"820232;1008487,Gal3riel"
"1159612;789250,GaussCheng"
"440396;650806,dutor"
"240650;262162,GeekOnCoffee"
"810154;833569,GeoffColburn"
"1364479;1337140,GeyseR"
"1112270;562753,Gilles86"
"266275;574551,Gonzih"
"550182;169530,techlunacy"
"18248;430688,gsavage"
"555009;571168,GreenRecycleBin"
"332609;494384,lem72"
"2843;486652,tsykoduk"
"442725;1051303,PhilonenkoArtyom"
"461739;4120,Grundlefleck"
"342711;1365359,GuanshanLiu"
"563872;972946,HouzuoGuo"
"17264546;485787,BistroDigital"
"132117;54538,HEskandari"
"1001246;1475214,metrue"
"663837;262852,THUFIR"
"620450;946152,hamishmack"
"125433;250575,HazemKhaled"
"612990;151123,iOSCowboy"
"1044642;793827,hesenp"
"1297549;486508,HeshamSaleh"
"63877;130371,hooopo"
"1165106;1024066,HunterGReynolds"
"1054123;977605,UncommonAvenue"
"874059;2076,IDisposable"
"847163;791943,isvitale"
"436003;583964,igrabes"
"46833;76605,IanMulvany"
"1487597;1373163,Iknewthisguy"
"1102711;1130278,Intline9"
"1535822;1077943,isman-usoh"
"792435;380816,ivan-m"
"15138;110225,ivant"
"744775;316635,IvanLatysh"
"619743;584768,tcopple"
"1259628;5314,JayBazuzi"
"1562625;1291791,Ripture"
"1317337;1174641,jemaddux"
"1000022;532064,jgraber"
"159719;1167239,JHKennedy4"
"198547;941579,javierjulio"
"719517;1056037,JPBetley"
"14895945;1492096,jackfacts"
"534002;1039872,HongjianLi"
"1152484;523740,JagdipSingh"
"5751;316048,jmcarthur"
"5751;316048,jmcarthur"
"66577;132047,JakeWharton"
"981726;622115,james-m-henderson"
"1255466;139187,jsofra"
"30517;196012,Nycto"
"76739;362253,Jimmerz28"
"1497639;1323736,Guyver"
"1329664;1149259,slackydev"
"10643;1074897,zx2c4"
"1184077;21778,JasonFruit"
"1343643;1189987,Jason1098"
"1682199;449873,JayBeavers"
"178023;1112477,Jaym3s"
"329184;182232,Jayphen"
"516780;646768,Jbudone"
"949440;779076,jeeeyul"
"334255;491947,jbeorse"
"212638;597750,JeffAMcGee"
"1188878;229159,sir-wiggles"
"488837;924088,JeffKatzy"
"1379055;1534440,Jeremagician"
"451603;594595,jeremiahredekop"
"590814;875786,lakeman"
"487818;1469779,Jesse-Breuer"
"191903;88696,JesseAldridge"
"1319169;620108,TigerJ"
"3187494;1004073,ws6"
"566468;768681,jmnwong"
"107680;817772,JoeConyers"
"84586;870808,Rhywden"
"286017;10612,jwhitlock"
"1187091;1332190,jlaceda"
"289202;301248,jfmatth"
"400682;240937,JohnEarnest"
"120971;471226,jleppert"
"251370;499650,Spaceghost"
"251370;499650,Spaceghost"
"1041598;525722,Jonnymcc"
"1311997;657141,EmperorJordan"
"119857;303675,thedelchop"
"438254;412212,joshontheweb"
"422576;1526811,juanmaguitar"
"12308;300436,Jud"
"548829;2598,jjnguy"
"455046;149795,Jwsonic"
"1060940;1459470,kegilbert"
"83257;981605,kailuowang"
"438226;715211,Kakadu"
"120884;35054,dmitryvk"
"1451634;1000361,KamilMroczek"
"174891;244481,jwu"
"746225;827263,Keith-S-Thompson"
"211671;80616,krc"
"188924;6330,KiGi"
"94397;434375,keshan"
"298930;1130864,keva161"
"1006541;1155009,kgaddy"
"1233117;715639,KNedelec"
"929439;823418,Kieldro"
"31527;619871,gkonst"
"274604;1482496,Krassmus"
"12185;1291209,KrisHedges"
"1203138;1363098,kristjanr"
"1391755;1185653,kshitij108"
"892413;1126648,kuoe0"
"598129;601143,kylerandolph"
"54924;489943,Ankhbayar"
"62745;182604,spookylukey"
"588162;605115,ylm201"
"904680;799111,LairdStreak"
"624948;1163154,Lakshmipathi"
"97824;622553,LambertPark"
"21720;389697,LantzR"
"927864;965782,lmaccherone"
"464394;690337,larsbutler"
"127309;1232872,Huluk"
"672576;900777,LavyshAlexander"
"729910;729574,Lazyshot"
"20010;1900,LTheobald"
"359526;555515,neuront"
"12983;1173542,lvv"
"702211;282594,LexManos"
"973663;898287,Selectorrr"
"973663;898287,Selectorrr"
"1063549;929514,lokeshj"
"1652959;14065,Loki-Astari"
"953573;758387,Lostmon"
"53444;128579,LouisStAmour"
"1390443;880714,LucasMoffitt"
"1390443;880714,LucasMoffitt"
"170707;227049,magice"
"1258197;1286179,MChartier"
"22792;87517,mfontani"
"935926;505124,MMSequeira"
"101456;1287224,MSNexploder"
"22608;63557,MrHus"
"979530;879285,Machinified"
"177653;991963,maksar"
"890514;1031767,Mapleaph"
"112395;334142,mabraham"
"1237390;897931,MarkMcCulloh"
"143897;18264,MarkBorcherding"
"642544;913824,Marthyn"
"175754;291299,altenstedt"
"1234642;1054604,shr-project"
"190759;1468366,gagern"
"97253;86551,mathstuf"
"1309902;1511491,MatsWillemsen"
"514416;739563,ultraflynn"
"1166104;706577,mdutton3"
"865759;1515326,mrhwick"
"865759;1515326,mrhwick"
"8659;672809,matthewrudy"
"291755;1075696,mpetri"
"1031770;939635,MaxMahem"
"742647;821223,mbodock"
"3094017;1218762,kurtkochman"
"730201;923894,MhdSyrwan"
"226753;592260,skeller1"
"1084253;1023966,mcordingley"
"30152;1229837,QaDeS"
"1182438;1465227,Archangel33"
"1182438;1465227,Archangel33"
"1572713;1392730,Verhov"
"817404;1295896,MichaelCPell"
"909651;794885,migdalskiy"
"426230;764546,Mik-die"
"152323;261512,MikeSilvis"
"28470;54091,MaikuMori"
"28470;54091,MaikuMori"
"299029;9944,MissedMemo"
"1170567;754471,Mobilpadde"
"118035;264985,MostAwesomeDude"
"998194;485682,MrTiggr"
"1250295;1002558,A-Programmer"
"1672597;923833,Twillen"
"347565;567739,marseille"
"998722;903447,NaturalDre"
"1039128;702462,Neal"
"929160;847143,Nearhan"
"479152;903800,neesenk"
"259180;807321,NeonXero"
"1205273;533060,NicholasRoge"
"692094;1312329,NTCoding"
"494636;1186184,nicolasfranck"
"849285;353515,NightKev"
"359134;1220606,NightNord"
"1072270;1122490,NightmareApps"
"1072270;1122490,NightmareApps"
"634871;699363,OhMeadhbh"
"584259;351615,OleMchls"
"299207;633763,uniomni"
"693087;502458,zgotsch"
"1120154;110233,Outc4sted"
"1191767;792668,manuzhang"
"917603;755611,OyugiK"
"980768;792367,PVoLan"
"464971;380451,ParkerK"
"340633;746383,prehfeldt"
"70908;603288,jedi4ever"
"810921;128583,Davorak"
"1031986;1298565,pauochoa"
"138397;166389,TBBle"
"93977;89580,plamere"
"371902;276626,PaulSolt"
"1221772;568327,Yavari"
"1221772;568327,Yavari"
"114721;167247,payne"
"1033613;574823,hawkeye126"
"200494;243991,pkriens"
"879913;1178788,pzenger"
"124476;117220,PetrGlad"
"1275218;603333,pkluz"
"783398;750987,ProgrammerBruce"
"49870;156575,Quantumplation"
"918890;832894,QuynhNguyen"
"1615657;445029,Regalian"
"709585;563532,rjrudman"
"12801;327748,rquadling"
"963974;775371,zilberman-rafael"
"1629677;68157,ralphtrickey"
"181256;547023,ChrisLundquist"
"645268;898805,RLuckom"
"645268;898805,RLuckom"
"331327;462298,reedrosenbluth"
"147601;259228,Reiot"
"818232;1272824,renard314"
"1192548;431357,rexbutler"
"353138;349014,richorama"
"21304;299351,rab"
"378691;184743,RobGibbens"
"12079;374793,rsimplicio"
"12079;374793,rsimplicio"
"679099;326994,robertleeplummerjr"
"67914;160667,robertolupi"
"594440;11356,RoryBecker"
"42598;1145408,ruz"
"497333;1528251,Rwing"
"675985;1264623,RyanNaughton"
"731722;412478,Havvy"
"596449;796133,shochdoerfer"
"489520;437912,SAFAD"
"307819;287814,SRandazzo"
"128070;463545,smgladkovskiy"
"1324069;813117,SpearThruster"
"1071837;985345,SahilC"
"348915;478944,SaitoWu"
"1542842;1427955,Samuelcdf"
"1359527;1161181,Samurai336"
"594111;1040675,Codeseer"
"185262;492649,Falkor"
"1449112;1350772,smartinez081"
"913402;937983,Sergik666"
"50122;487699,caomai"
"1032883;1065263,yuryroot"
"1182144;1034483,shomeax"
"822611;170621,alex-fomin"
"993172;1335630,SiQLuxe"
"188538;281682,Siedrix"
"105257;147845,urdh"
"1243206;708817,SimonLanghoff"
"307819;287814,SRandazzo"
"147458;105431,SlaunchaMan"
"145938;92584,robert-wallis"
"837900;317057,SniperSmiley"
"1274471;1370952,Sovietaced"
"582718;1128707,0xLeon"
"150464;957273,d1b1"
"150464;957273,d1b1"
"1649903;1542629,StephanBijzitter"
"15988;106755,BookSwapSteve"
"132404;229889,sgentile"
"972257;929156,AhmedEid"
"690488;883800,Surgeon"
"80898;530599,Svel"
"1252353;1539711,hawktc"
"749835;1046035,trevstanhope"
"789506;1477705,TReed0803"
"976006;256662,talgalili"
"641713;1005911,Th3D0c"
"961317;1498300,TheDZhon"
"864486;1397353,thedekel"
"22903;79550,TheOddLinguist"
"300981;492863,theone1984"
"137806;216164,TomMD"
"210413;459958,ThomasBurleson"
"1147821;1015190,TimBrunsmo"
"62403;77193,timbunce"
"1337242;1281487,Timberbain"
"794999;263467,tholman"
"54455;348119,TimothyFitz"
"1406413;1472928,titkov5"
"119746;314649,tcabanski"
"155977;204941,ToJans"
"1454358;47064,TomWij"
"221575;915044,TomRoche"
"280717;700400,Milner08"
"99431;494584,tovrstra"
"2118993;1410738,travispaul"
"651234;637090,tdipiazza"
"675635;1054678,canausa"
"240489;1067128,Tukki"
"927459;1425847,TyVik"
"545171;725378,VasayXTX"
"572468;1300146,v1bh0r"
"1144578;1001935,Vivekxk"
"30538;523157,vrybas"
"960946;800628,waynegerard"
"550643;165787,WilDoane"
"550643;165787,WilDoane"
"970648;1039861,williamflaherty"
"1032483;1544708,williamherry"
"858493;322806,winstonewert"
"55535;148606,Woody2143"
"1479648;414707,WuTheFWasThat"
"790217;834870,WiseMaestro"
"257622;589373,XULRunner42"
"32493364;618073,bhatmubashir"
"93899;40569,yogsototh"
"184247;848651,Yarikx"
"884199;1554581,Ermak-13"
"481954;328090,yangboz"
"248544;977446,YuvalZiegler"
"30430;17865,yuvipanda"
"1374723;362721,zbstof"
"7194;267782,zk"
"985764;936795,ZeusYu"
"1578856;1180439,ZheYang"
"1315020;1178637,DZittersteyn"
"234983;182153,Zolomon"
"107076;1172228,Zoramite"
"59905;418654,anurag"
"156709;228067,sashaegorov"
"1237903;677224,argel"
"188225;159972,allahbaksh"
"442193;354021,aambrozkiewicz"
"190159;567114,AndreaBarghigiani"
"453655;687935,alaabatayneh"
"864213;540085,bayandin"
"1136864;1234290,Gankro"
"120347;376854,addrummond"
"690276;359343,codepodu"
"1143093;1003190,aspyct"
"1439632;1243561,elbashandy"
"102497;268938,farhadi"
"770753;290008,agrison"
"1254893;776548,archit90"
"1360987;1280004,a-to-the-5"
"1155039;325465,freegroup"
"651970;1001513,ali1234"
"175293;771471,iegik"
"1068130;811708,akleemans"
"37810;282636,apk"
"164999;184484,clops"
"400254;48608,liskiew"
"1546080;132510,alflanagan"
"660521;1065230,alram"
"1665580;1254718,milkovsky"
"97179;454724,apankov"
"678852;895682,aplaku"
"1459272;941169,raaron"
"808417;860309,tonidero"
"308690;561891,arubalcaba"
"934704;859671,skvsk"
"383566;1274175,asanchez75"
"542560;652603,TheSeparateFirst"
"356706;1013155,woozy"
"27250;1046242,ashneyderman"
"46943;598929,andrewsomething"
"226221;181403,atsheehan"
"1413938;716347,ataker"
"661901;1204393,athieriot"
"1402901;989683,andts"
"326397;1471338,akazakou"
"732407;1301280,arturo393"
"94028;265266,awellis"
"116378;847371,ayj"
"1044775;1386167,asforza"
"976641;768280,victorcreed"
"471467;915275,g5pw"
"430798;328260,azat"
"843551;414272,a3nm"
"239624;1353441,alexandresaiz"
"357990;1102879,andreaslof"
"182853;617900,antonmoiseev"
"5781458;616862,masskaneko"
"78400;527054,enyim"
"3309;274155,adulau"
"173656;16351,aholstenson"
"79779;1543920,machinaut"
"127453;135388,atotic"
"186494;322,achrissmith"
"168796;483771,aNd1coder"
"895182;754684,wildsurvival"
"30795097;1441602,epochArch"
"792771;567245,aadisriram"
"329325;389279,aadityabhatia"
"826023;461421,andaag"
"1561805;699435,glkn"
"1668853;1350215,aagissp"
"332628;734864,aagrawal2001"
"1374576;995571,aalap-shah"
"55896;569751,aamirafridi"
"1035174;707842,aamirmushtaq"
"1062;561340,aanand"
"712215;190968,anayini"
"494087;495995,aantn"
"594957;596728,alexrj"
"18724;44437,air"
"29454;460271,aaronblohowiak"
"678324;787081,aaronchiang"
"856628;868724,aboutaaron"
"30576;282861,aconran"
"318818;705600,ecolitan"
"16608;152643,adevore"
"126461;90091,pifantastic"
"735388;784309,aaron9000"
"1079;59639,agibralter"
"46964;569308,agraves"
"176525;160588,astatham"
"297205;1016794,AaronLasseigne"
"492413;475244,aaronmarks"
"38295;1062456,neevor"
"441004;1093961,nordyke"
"1203360;1333125,aosteraas"
"6991;661705,obrie"
"1204328;1193311,aphethean"
"877129;595294,vduglued"
"915956;821798,aaronrothschild"
"2762;850471,asheriff"
"699572;868868,atoponce"
"102331;397375,AaronMT"
"8522;103238,d2kagw"
"1007750;1531085,Aaronlong31"
"157664;580206,aaronbieber"
"210820;459966,Aaronius"
"725314;107851,aaronincincy"
"142533;1170917,azinman"
"128851;645456,channeleaton"
"120316;218820,collegeman"
"160658;320902,copiesofcopies"
"468421;1184239,adancygier"
"478279;1247083,ablakely"
"158380;183240,darkpixel"
"975;197645,ktheory"
"180963;301252,lifeiscontent"
"538390;177969,mongus"
"113001;712641,aaronpk"
"1573813;1250991,aaronhesse"
"23878;231525,ascruggs"
"52480;150885,arussell"
"38160;30664,aweiker"
"802412;202655,aaroncampbell"
"840133;232159,aaronbjork"
"201360;717626,breckenedge"
"953306;541136,aaronchall"
"431662;725403,aaroncrespo"
"210782;283419,aarond10"
"185075;463500,aecay"
"746645;1367873,rookii"
"8588;11229,aaronjensen"
"202895;440678,jacobsa"
"471885;689435,webdsquared"
"69980;6616,aaronlerch"
"40554;463490,aaroninaustin"
"72291;364670,arq5x"
"122654;176758,aaronshaf"
"565152;185839,aaronsnow"
"1048612;1138897,AaronVasquez"
"1140389;826667,aarotech"
"570191;939994,aavegmit"
"846647;599075,aaylward"
"1035048;877657,arttuladhar"
"181183;1442514,aayush"
"211216;335409,aalhamad"
"215016;543830,abacha"
"759174;168206,abacigil"
"31722;334566,abaird"
"149445;224971,abargnesi"
"312529;1169052,abarisain"
"445798;971454,a-bx"
"1299882;730138,andybarry"
"827623;1476826,abart997"
"351644;41956,abatishchev"
"334221;360952,asims"
"1215394;1140424,abbypan"
"743057;1190453,danbst"
"871878;814857,aelguindy"
"835502;1264052,ahodieb"
"131377;727544,abdelazer"
"472650;944897,PolymathicCoder"
"64568;172592,abdul"
"733794;702266,AbdullahDiaa"
"71622;793555,abdza"
"295256;1124358,aibrahim"
"962634;1566689,abdulwaheed18"
"875501;577894,abepetrillo"
"153459;215168,abevoelker"
"1239085;660664,abegong"
"240922;92042,abelsoares"
"707615;971378,abellee"
"6981644;1524898,abernardi597"
"663405;1321255,YuhangGe"
"578618;795245,GoMino"
"774861;3958,abhayashenoy"
"1270959;742173,knoxxs"
"1023981;1040374,Abhishek-Yadav"
"1460139;1559299,abhi4717"
"397260;567101,abhidsm"
"460481;1173520,abhiesa"
"631797;167814,shadyabhi"
"746013;417458,METAVar"
"127667;342491,abnd90"
"811090;1389328,wizardyLizard"
"1034744;707324,abhio2"
"47312;235453,abhiomkar"
"1235576;1410252,abhiramravi"
"824209;743430,abhisharma2"
"414522;422897,greenmang0"
"2290478;640747,abhishek-sourcebits"
"34828;1195754,linkinpark342"
"146127;369541,apratap"
"740916;1423682,pixelbyaj"
"749134;753705,abhishek77in"
"185257;435506,abhisheknagar"
"868407;921009,abhishekamralkar"
"812670;142176,abhishekbh"
"37350;106063,abhishiv"
"1665074;1367011,abiallo"
"444093;863063,abidibo"
"1542924;1323689,abidiqbalk"
"51236;963177,aflaxman"
"215283;1239095,abliss"
"44618;143141,awblocker"
"270528;181664,Thinkscape"
"608731;680996,AbraaoAlves"
"1004919;663009,lunaroja"
"387734;402479,theabraham"
"1030178;596720,menacher"
"639463;936996,wendyabrantes"
"555226;1524350,abratashov"
"322732;12442,abrudtkuhl"
"270580;1147704,teamurko"
"149941;52515,abtinf"
"1451112;1364223,AmrAbdulrahman"
"299669;339806,abudaan"
"276285;112950,scorpion007"
"488086;3904,david-resnick"
"1086874;1140121,aburan28"
"341478;563172,aburgel"
"191582;286315,aburgh"
"39767;399005,moski"
"201968;485105,Abuwabu"
"458516;493892,abuzarhamza"
"122955;12234,willasaywhat"
"113964;674065,asm"
"97436;436552,acdesouza"
"1641057;1332041,acraig5075"
"60414;472512,Achillefs"
"321826;457898,aL3xa"
"19188;244177,annaswims"
"160591;1243682,AlexGunslinger"
"14318;1274574,acatighera"
"498607;492460,acazsouza"
"990443;1367383,viig99"
"1511218;694331,anisus"
"422184;535467,acconrad"
"534460;500948,ace13"
"103561;6605,acemtp"
"1062109;1224073,acenqiu"
"19778;1217648,acevery"
"1908926;1093490,enyachoke"
"139925;723863,acharneski"
"1041517;1363355,achernya"
"611216;1077428,achied"
"1116128;1120578,SynB2011"
"15954;382204,achim"
"272026;414671,acompa"
"253457;1111626,achvaicer"
"1238449;1281512,achyut1991"
"1003901;1055356,andreycizov"
"1258543;1146679,orthogonal"
"72164;185820,aclark4life"
"544448;1038778,acleon"
"148514;1415858,luisuribe"
"852932;1054494,acmeyer"
"1626054;555565,ottomata"
"13773259;1142616,appliedmedia"
"123999;212123,acreek"
"39388;130024,astropanic"
"68792;1556165,actaneon"
"617631;810088,anthonyfinch"
"854435;1124697,ActiveObject"
"55403;76245,actuosus"
"118965;462302,aculich"
"608373;296708,acwright"
"923103;484966,acyuta108"
"142793;385489,ad3002"
"578111;195999,Axiol"
"426110;584639,adael"
"784846;240980,aalpern"
"75565;372408,adambray"
"482955;292994,abrightwell"
"212820;1405,adamcarr"
"5271;170073,madadam"
"120120;452934,Esteth"
"97462;139092,adamdicarlo"
"152985;279929,dumby"
"188892;229730,adrees"
"961546;705844,adamleeg"
"188638;228559,adamhill"
"211329;410357,zdam"
"863219;829913,aerb"
"1140511;1290686,aladac"
"981318;529841,alaiacano"
"417254;1333401,adamlipka"
"56480;1174416,adamlum"
"6318;1148674,adzap"
"321133;926641,adammiribyan"
"823772;629391,DoctorSher"
"1264057;1064664,adamretter"
"50396;334990,adamrobbie"
"666250;543429,ashimali"
"1048662;899424,adamshone"
"313474;4048,CompileThis"
"1224;146015,awt"
"94930;340358,adamvduke"
"203117;892388,adamvlasak"
"926600;1440182,adamark"
"808284;254788,adamwitko"
"484784;986007,akbyrd"
"1210785;812267,adamscybot"
"145340;1369734,adambrett"
"160984;230543,adamcaudill"
"65078;184104,awd"
"40637;63104,adamelliot"
"713856;991858,mzungu777"
"989284;1096781,adamlwatson"
"64082;719890,adammcnamara"
"184703;564172,adampresley"
"677704;49241,adamralph"
"47277;98154,rndmcnlly"
"400611;902895,adamtait"
"27502;489215,admtnnr"
"29783;550060,amw"
"1332;1492059,ahri"
"292574;846889,archite"
"569485;166640,alewando"
"78450;1038586,alloy-d"
"229761;428351,nadam"
"342081;528044,aprescott"
"19609;222018,Arcath"
"1211441;1095680,adamsheridan"
"1243457;120808,abatkin"
"473960;445398,adambrenecki"
"125804;1371170,acolpitts"
"378585;450587,hotmeteor"
"40594;121089,ahupp"
"169980;273068,akalsey"
"24880;642893,recursive"
"838613;1509091,Lavoaster"
"780471;482452,AdamThompson"
"527329;1025589,adamlundrigan"
"122612;231463,NorthIsUp"
"492583;1359980,adamrenklint"
"49805;34795,rezich"
"31163;945819,arosien"
"1441946;603357,crbn60"
"342214;905408,funkylarma"
"59842;104533,agoode"
"31183;28028,robotadam"
"81072;453929,thinktopdown"
"62154;26235,adamn"
"60503;362531,adamw"
"221611;297663,zamN"
"509838;1224218,zethraeus"
"1445367;775600,AdamBrodzinski"
"8214;36656,adambyrtek"
"524972;550677,adamcin"
"67539;201766,adamclerk"
"797801;1430314,adamtheturtle"
"677820;727824,adamfraser"
"602596;751075,adamhowardprice"
"65676;237679,adamhunter"
"735275;499200,funkotron"
"80531;425947,adamjleonard"
"674271;660089,adambratt"
"67020;52116,adamtaylor"
"174829;14064,adamjford"
"454117;439785,mccombs"
"30595;474111,adamjspooner"
"888010;834775,adamkangas"
"159400;1071883,adamthedeveloper"
"182921;245017,adammulligan"
"475879;936858,adamnbowen"
"527919;594186,adamoutler"
"149383;198056,AdamQuadmon"
"69929;525649,adamquaile"
"986771;1199102,adamrights"
"333530;444046,adamsch1"
"202923;29376,schotime"
"1025524;547691,adam-siton"
"651571;205597,adamswallows"
"204257;1200,archgrove"
"474792;614612,adamwong246"
"33258;255256,adamyonk"
"455518;284685,adamzr"
"415576;804671,aporat"
"23543;56449,adardesign"
"534512;343955,radarsh"
"1024909;786828,asolanki"
"1510328;728863,adarshakb"
"905587;1131620,adarshvjois"
"271760;618288,davidmatas"
"435605;269968,alidavut"
"1426226;1222782,addagger"
"489407;1322393,addamh"
"858620;829663,whyer"
"1595215;1506216,addsict"
"134057;563335,addtheice"
"273891;1218076,anthonydb"
"34821;34304,alexdej"
"1126786;1151213,amdelaba"
"1332980;613973,adelbertc"
"140796;48401,ademar"
"698633;142151,ademko"
"785345;1201433,adennis4"
"936289;1099275,small-jeeper"
"520204;393604,adesst"
"1124801;1247829,adetwiler"
"436862;1424933,adferguson"
"690375;707978,Avaruz"
"1439142;1369159,adhown"
"728853;649647,amuraru"
"511326;658535,adi-bolb"
"800190;910149,rahin88"
"176081;199360,adib"
"1090256;350429,adifire"
"17115;278690,adieu"
"366355;695120,apalmer"
"1186905;259111,adilmughal"
"204423;146603,itsaboutcode"
"220818;825215,adimircolen"
"425773;566411,amscanne"
"73311;616001,adisetiawan"
"416400;636142,thedesignpig"
"840839;788199,adityaapte"
"421294;1195730,amukherjee"
"1498180;1074537,modiaditya"
"238178;319349,sengupta"
"488056;763420,lostinspacebar"
"1304298;1462713,adityagarg"
"140066;1492191,adityajami"
"846096;1104190,adkeswani"
"172623;237178,adlermedrado"
"150041;58493,dm"
"161795;494125,admalledd"
"153219;108302,adammw"
"140402;1267641,admanb"
"983055;1404114,he2d"
"312590;1465916,cyberkov"
"91019;1489406,ericnkatz"
"78313;1244409,gedex"
"1049952;1487039,jcink"
"5261787;232739,leinir"
"7847045;401259,typho"
"241050;503948,marltu"
"923865;1024223,SBoudrias"
"25722;83055,suda"
"680670;1008616,TerryJuneJr"
"928111;1438322,truepattern"
"39811;1038969,visor"
"186158;458371,Zauberfisch"
"820844;1053092,AdmiralPotato"
"131505;673197,admsev"
"293689;105592,thisduck"
"1051387;440017,adnkh"
"209442;711999,adben"
"79562;497348,adolfont"
"1231699;675055,adolfomaltez"
"30360;117446,admp"
"27858;967581,Adovenmuehle"
"6898;874870,armanddp"
"3326;956716,adragomir"
"67204;222322,adreghiciu"
"984753;1170603,adrexia"
"417570;623234,adriaan-pelzer"
"1063934;1311559,adrianchung"
"530449;396555,AdrianCrapciu"
"806288;890449,abenton"
"588351;477048,zoldar"
"176754;824946,adriank"
"281360;1432858,snuffix"
"695698;448967,adrianmaurer"
"246775;4332,amouat"
"249602;568189,mowat27"
"278120;1470774,schadr"
"225180;319150,adrian7"
"1423613;1366228,ad0ran"
"1526399;1293571,honeymustard"
"895348;1553272,adridev"
"88279;172450,skiold"
"577363;28406,apcherry"
"13948;650421,xymbol"
"179599;298479,ThiefMaster"
"188033;39182,sampsyo"
"72675;184420,ajsutton"
"1104728;516220,adrianboimvaser"
"598074;1213166,adriancbjie"
"25377;105650,adriand"
"451078;918055,adrianmatteo"
"329065;937550,mcmenaminadrian"
"62636;912835,adrianmoya"
"529415;225786,asfernandes"
"976570;509752,adriantoine"
"319570;793002,bobbus"
"62407;1154106,adriengibrat"
"231014;537119,adrien-mogenet"
"996512;841851,aolczak"
"803765;624551,Intrepidd"
"871145;422198,adriencarbonne"
"997506;962259,adritek"
"1481184;1240055,aygee"
"278870;397020,Adron"
"1477658;726062,cdn-iitd"
"14930;117402,adunkman"
"819073;793945,adupuis"
"444683;138935,aduric"
"1284933;1080378,advancedor96"
"883719;821143,adyradu"
"58695;263926,yuletide"
"442213;422096,acarrillo"
"371907;272824,aectann"
"1379481;480691,AedonEtLIRA"
"182688;790537,eggli"
"39039;574235,thorsteinsson"
"520898;1275284,aeidelson"
"328866;600443,sandboxws"
"616;1143798,aemadrid"
"7484;329485,aemoncannon"
"1058915;1131214,aemonm"
"959527;1108408,aendom"
"452170;204200,epelde"
"89097;206767,aerique"
"51246;777754,aeris"
"240620;218926,aerohit"
"207544;333791,aersoy"
"1207560;871044,aespaldi"
"650616;598635,aesptux"
"1029046;1187902,aeyakovenko"
"972726;1517960,afacanerman"
"1160285;1270401,Boomerkuwanger"
"1217574;455934,afarazit"
"430612;1093064,Sithdown"
"766889;737230,afeique"
"800352;1565238,afiskon"
"38258;680468,flesler"
"32007;17308,iafonov"
"280732;604669,suckaplease"
"1374939;1225445,pfpacket"
"893768;1552255,afranioce"
"191415;167670,afsharm"
"314326;375966,afshinm"
"58515;601182,aftabnaveed"
"100929;271678,afwlehmann"
"8670114;1481588,ElectricMagic"
"143157;551670,agabel"
"537975;1345233,agaerig"
"25395;244789,mourner"
"759476;1024063,agalford"
"1076805;1429803,agalligani"
"315427;387527,agam"
"1072647;1302090,agandra"
"978771;1232320,alvingarcia"
"968330;1183194,megha24"
"112173;269903,agarwal"
"1501662;338171,rahulagarwal86"
"413855;786755,agassiyzh"
"21731;107464,agate"
"920257;119321,agathe"
"655348;593418,agaur"
"842842;386021,whallz"
"831697;874772,agentfin"
"577345;1289657,AgentME"
"56241;514364,agentzh"
"175970;1281949,achalaggarwal"
"687998;467995,mehiel"
"602027;414371,d0ngw"
"1141462;797926,agilesteel"
"6656150;1550568,agireud"
"261378;773093,agirorn"
"470432;853118,agjacome"
"1587408;1348425,agmarrugo"
"61333;716431,agmlego"
"22855;1326507,agnaldo4j"
"544206;1144531,acrepet"
"290112;163000,AGNUcius"
"522634;276940,agocorona"
"205176;946766,agonzalezro"
"198522;792074,agoodno"
"122436;91610,bogdan"
"703248;1399097,agriffard"
"104159;791616,agripinoduarte"
"16245;149264,agross"
"1060784;1142728,AlexOteiza"
"130192;140134,agvstin"
"1030492;1199707,aguidrevitch"
"17583;326652,arno"
"491516;723696,rufdev"
"347830;1357059,agungshiro"
"175273;1247877,aharren"
"875799;1136092,andyHa"
"1010346;199759,habeel"
"536712;1086364,ahadustt"
"709789;1327167,ahcbsa"
"1021411;507414,sharad-ahire"
"153607;827397,ahjohannessen"
"114218;113808,haggag"
"376772;418342,ahmad-bakr"
"729738;842264,amyunus"
"264956;823710,ahmadvaroqua"
"183195;680432,ahmadnassri"
"54114;152489,raheelahmad"
"774529;735142,AhmadZakaria"
"431262;564669,ahmdrefat"
"314417;554432,repzret"
"976096;1363367,ahmedjolani"
"58807;950401,ahmednawras"
"531945;348162,montaro"
"1450211;649811,ahsio"
"910036;771300,aswani"
"69124;163276,alienfluid"
"1393666;44735,AhmedCh"
"147533;1501316,ahmedshaikhm"
"1395498;1270492,AhmerArif"
"61077;1348391,katranci"
"1313652;827173,TimothyAhong"
"391810;641755,Ahrengot"
"283214;915579,lin04com"
"5813;815698,ajaffer"
"452376;499588,AlbertTong"
"555379;933517,ana-GT"
"603328;965191,bigandy"
"61857;73731,ankit"
"377450;1126494,aidai524"
"34071;227955,Aidamina"
"1399802;1015791,aidancasey"
"1198420;1256108,thefunkyhermit"
"641450;1141031,aidanns"
"148906;156882,aidilfbk"
"58008;419818,aikar"
"252403;442177,envi"
"373064;874585,airbob"
"1321283;1208658,airekans"
"54303;5304,airportyh"
"109203;818084,airs0urce"
"151224;312702,aishek"
"68444;149416,aisipos"
"89215;878182,aisrael"
"82692;698512,aisbaa"
"187639;1060662,aitherios"
"12272134;1385914,hazicms"
"197798;244737,aitjcize"
"428243;909580,aitorciki"
"29685;53698,aivarsak"
"862047;1036234,jikk"
"1182;342099,aizatto"
"1028922;960396,ajdyka"
"126578;46890,ajpalkovic"
"978306;901161,alishir"
"233872;146530,ajcates"
"1015261;1410972,ajp"
"625014;893329,ajahongir"
"1180939;1110127,giveen"
"1101410;1499087,avisolutions"
"757395;1181887,ajaykools"
"966674;1006902,ajayn"
"1073067;1079296,ajayravindra"
"359188;255405,ajbarry"
"1653890;1179495,devalbo"
"161761;1270786,ajbogh"
"285426;986054,bohac"
"1308273;454533,ajcrites"
"1628210;1240132,ajeetksingh"
"177702;505090,DetriusXii"
"334919;1525334,ajessu"
"149878;1452187,aglover"
"4496123;1201419,wongataa"
"30565;1275966,ajimix"
"509168;104973,ajithhub"
"527535;379712,r3dsm0k3"
"761923;733862,akofink"
"224208;950790,avram"
"80048;1566863,amorris"
"305124;447600,moreisee"
"105834;262644,ajmurmann"
"38329;411970,Ajnasz"
"155599;121438,ajpiano"
"78062;800664,ajrkerr"
"98660;724178,ajs"
"1229570;1350796,AndrewJudson"
"126271;157157,ajuckel"
"828545;592377,ajukraine"
"1516078;1244982,ajventi"
"529833;793160,IntegersOfK"
"588373;353611,ak3n"
"916113;203642,akora"
"654356;636799,aysark"
"1677218;1263052,tomochandv"
"953;8942,daddz"
"1477681;1556843,akahuku"
"162850;1067702,akai"
"425576;1021715,akalin"
"83824;1490656,akamch"
"142410;659713,akandels"
"949751;961359,AkarshES"
"1254061;1535777,Akash91"
"627058;800262,akash6190"
"84005;477045,HashNuke"
"1394910;1189078,akash268"
"480014;1006672,PG-kura"
"989206;1317724,akax"
"679040;1203562,akazah"
"1182766;1104598,AKdroid"
"804543;1017811,forslund"
"44215;964149,akeem"
"611455;1402932,Akela1101"
"775904;1105311,zero5100"
"1474233;1225770,Kipt"
"1210875;984020,akhambhati"
"145806;151186,akhodakivskiy"
"170129;842236,akipponn"
"463809;436566,amatsukawa"
"529021;1238464,koriym"
"44811;476860,segun"
"710878;905967,akiraakaishi"
"872393;341974,atanaka"
"431719;1327941,andrewkitchell"
"378648;207266,akitchen"
"537159;1063267,akivab"
"713107;993737,akiwarheit"
"86009;57663,mefesto"
"1531772;1519817,akash08"
"161774;156134,aklofas"
"1093200;992017,akmhoque"
"689409;954940,akmjenkins"
"957841;731882,akmur"
"1672507;1351544,akohdr"
"454726;10141,akorchev"
"669530;415025,pipacs"
"505440;1483285,akottr"
"733988;114786,akoumjian"
"1315666;1424434,apaunov"
"878723;1123169,hendesephi"
"6883;3971,opie4624"
"1166288;957146,akrem1st"
"343314;54082,akshar100"
"1255405;555162,zeak"
"456384;296722,akshaykarthik"
"1273012;745479,akshayagarwal"
"483361;1125778,akshaysn"
"776629;1384005,whiteboardmonk"
"788023;1212246,akshayaurora"
"1104602;1173425,iakshay"
"1679435;1291029,akshaydixi"
"116975;364279,gakshay"
"600362;456060,akshaykumar90"
"1050029;769189,akshaydeo"
"159617;450113,Maay"
"9784;438694,eagleflo"
"591595;770519,akydd"
"46970;1509304,akyrtzi"
"112516;742825,akzhan"
"43174;425281,arivero"
"5313;1315188,al-skobelev"
"1191;836786,al2o3cr"
"152;22432,al3x"
"933873;929437,al42and"
"13456;504248,alaa"
"697417;404789,tensory"
"1122384;1538361,aladds"
"941925;404949,andrew-aladev"
"1240160;263070,alagiboy"
"552908;457472,AlainCouthures"
"95499;641076,hufkens"
"37088;358524,AlainPilon"
"439940;786714,alanxz"
"320410;43542,alanbem"
"12193;373258,alanbriolat"
"1160405;1205805,AlanChatham"
"111997;46220,alanc"
"522344;1290627,alanhamlett"
"155623;798575,alanjds"
"212621;153399,OdifYltsaeb"
"10687;492177,al"
"283381;238624,cqfd"
"902992;896193,alanpich"
"505494;47041,alansk"
"110954;1158392,alanedwardes"
"1597262;1280326,almostscientific"
"475;51567,aussiegeek"
"368238;438737,akc42"
"11295;1379774,Alshie"
"124184;704910,AlanMcCann"
"75028;820152,AlanRosenblith"
"85800;2958,alanw"
"273865;367495,adg29"
"199096;102462,sumtraveller"
"1008023;1402081,nala3"
"762834;835458,alankarmisra"
"33952;1164275,meiraleal"
"1523278;1328478,alanyip"
"749324;219238,alanning"
"575138;1128240,alansikora"
"159951;40478,alanstevens"
"210360;1530028,alanv"
"101773;108569,alaorneto"
"105243;594831,pveentjer"
"125488;160156,arlarzelere3"
"53625;53314,aallan"
"283834;627408,kreek"
"241658;618259,alavrik"
"689984;549563,albandiguer"
"276340;531166,albb0920"
"12791;182077,albemuth"
"982975;526233,AlbertBrand"
"540749;897986,f0ks"
"1033651;562934,arkottke"
"110777;433890,docunext"
"117478;1315776,AlbertVeli"
"571965;933213,afmontoya"
"18637;26715,albertb"
"1370078;209427,albertmatyi"
"13189;659690,nexon"
"956278;917851,geezmo"
"274034;332901,toglia3d"
"1442682;740066,avalero"
"214387;237413,moralesalberto"
"1020887;1519440,carpe-diem"
"226899;23020,albertein"
"157021;799215,albertobajo"
"15064;752387,albertoleal"
"419703;454004,pose"
"829213;702560,nata79"
"25632;97167,andialbrecht"
"1578476;1027563,alcalbg"
"207748;213682,alco"
"154884;489611,aldonline"
"595153;569332,aldoreyes"
"766007;913053,Astrac"
"211177;527745,dous"
"1198213;1320711,aldrinabastillas"
"1217745;1001417,Avaq"
"489860;812749,alebruck"
"25312;143511,alec-c4"
"40769;927587,alecchen"
"41767;7980,alecthomas"
"223009;300865,alesasnouski"
"638478;1098199,alecu"
"956617;833660,Skyrail"
"546519;842418,alivedise"
"830715;786144,alehander42"
"741929;719619,alejandroriedel"
"53031;797661,alejandroSuch"
"123405;349087,aweinstein"
"464978;1405803,alejandronanez"
"19302;286420,alejopelaez"
"711371;783547,alekstorm"
"68260;633861,aandr"
"65920;383466,aleksraiden"
"603321;1406353,samilyak"
"643171;563228,AleksandarDev"
"143613;52836,aadamowski"
"1248078;1098858,AleksanderBavdaz"
"546682;425185,Olden"
"296455;634065,ogrim"
"3995442;764691,semsorock"
"605520;515130,aulme"
"39293;603359,hron"
"501786;248406,aleksey-berezan"
"1005969;1171940,ademidov"
"1021178;1342283,fomkin"
"123756;298085,burgua"
"725842;605093,Xerkus"
"1086393;844771,franksrevenge"
"976614;1000930,alekstheod"
"1095055;994725,alkx"
"982323;1493612,alekzvik"
"792312;1370743,thiagopio"
"235553;1477933,alepar"
"1328657;432926,alerizzo"
"1249184;233905,alesk"
"544082;346986,littleli"
"101581;19892,rarous"
"624858;1011445,alobanov"
"5264230;1483090,randomorder"
"306833;1508211,alessandroasac"
"4038208;1194587,abaratella"
"51252;351895,cirpo"
"130094;1210984,hexec"
"602050;707694,AlessioG"
"308848;763275,AlessioRocco"
"937922;1018110,kfk"
"95975;901526,alettieri"
"863479;1284986,RubberCthulhu"
"132137;987687,alexaverbuch"
"81026;141956,achin"
"665750;1433901,alexbarcelo"
"223620;456020,alexbaumgertner"
"727608;1169810,gzorin"
"724634;340326,alexbumbacea"
"161935;189504,alexbw"
"215764;287892,alexcepoi"
"699112;730958,chorry"
"656039;711486,alexciarlillo"
"29838;569381,aconverse"
"281902;74350,alexk7"
"164645;483474,alexle"
"378794;712666,alexdesignworks"
"93412;266732,alexdibattista"
"33216;18829,dupuy"
"71601;89373,aehlke"
"147292;135917,alesplin"
"24866;596030,alexfarrill"
"189011;782111,insomnialex"
"772;37181,alex"
"831291;1261092,xSmallDeadGuyx"
"32590;802583,grig"
"1540560;1355620,halevin"
"636562;94819,fluffysquirrels"
"496540;109079,ahgittin"
"296121;453002,AlexHowansky"
"236807;443525,alexhutnik"
"1289062;1126127,Alexander-0x80"
"1640869;236676,alexkirs"
"54469;171350,oivoodoo"
"43475;132963,alexksikes"
"820689;1141440,landal79"
"1109822;1180701,alex-lenkevich"
"41521;1322771,alexlines"
"515110;414453,angelini"
"845272;1161601,alexlovelltroy"
"110439;359774,marinescualex"
"210929;343382,amccausl"
"194539;1085302,mekhovov"
"30596;859314,alexo"
"1563851;1449814,alex-patterson-webdev"
"479673;634963,xaptronic"
"670295;1023745,shatzibitten"
"66456;1284169,quezo"
"697303;847309,aliks"
"1533640;1188441,Oliveiras"
"73594;452467,haron"
"43663;245269,schworer"
"700555;1004361,alexshenoy"
"693814;1348064,shepko"
"464704;400793,AlexSzatmary"
"181448;536615,alextkachman"
"849504;1331930,AlexUpits"
"1569988;985942,benderillo"
"191975;237211,avidal"
"228;81178,alexvollmer"
"1455894;1515695,awellock"
"352244;672016,alex-zige"
"569010;1103443,alex179ohm"
"181961;804566,Alex7Kom"
"1251300;1092941,AlexYangYu"
"1353890;1103494,ajmint"
"511428;31671,alexanderdickson"
"65052;612267,alexbain"
"755;3789,myabc"
"1224578;961353,alexchamberlain"
"512519;1350281,lxchavez"
"50848;307569,drcapulet"
"130534;448294,alexfish"
"158987;1138546,enzuguri"
"95575;1395258,grandecomplex"
"540853;596068,alexpearce"
"12577;993270,alexrothenberg"
"39951;747368,alexsancho"
"288572;1505094,alexjs"
"142916;782068,alexhayes"
"900898;887922,avsmithy"
"28068;103287,orph"
"454339;731140,akbertram"
"1640132;891223,abibiano"
"93424;1221715,abourget"
"43624;230253,alexbrasetvik"
"1060400;217265,ajokela"
"50057;455615,acruise"
"228097;418213,corretge"
"95030;1062409,awerner"
"346576;264290,alexef"
"135904;9621,dergachev"
"5778;540644,sk1p"
"27617;51801,mgax"
"999113;1374175,rlidwka"
"174450;293340,moreati"
"125607;1286871,alexagranov"
"262517;547214,mralexgray"
"235319;769485,toxik"
"680970;1047772,nekipelov"
"1177235;921351,NightWhistler"
"960894;1065291,intval"
"171129;7671,puredanger"
"50314;632555,atombender"
"2611;104251,mralex"
"650218;1106339,rushproject"
"313531;454913,alexsebbane"
"210234;1186334,aalekz"
"787966;1100112,soyrex"
"63631;856028,astangl"
"639539;819421,alexvanboxel"
"575245;18208,varju"
"3707;264811,alexknowshtml"
"209854;22276,alexwright"
"265903;503139,alexnask"
"85237;815350,alexaandru"
"298379;809584,alexakarpov"
"426419;496013,ALexALed"
"487667;1197499,alexalemi"
"670398;1446522,daapp"
"304929;386751,alexbeletsky"
"956068;711881,AlexanderByndyu"
"741137;660412,truegff"
"697919;614054,AlexanderElyseev"
"88046;205689,ghisguth"
"1547663;1223777,ybbus"
"250919;81081,gromnitsky"
"367574;60614,fduch2k"
"379115;403172,clumsy"
"65263;1223692,carestad"
"24832;148384,defmthd"
"75759;504346,mazurov"
"23829;177628,digitalex"
"87507;159679,loxal"
"690100;104451,apoluektov"
"28719;645317,peroksid"
"62131;193308,al3x-edge"
"1226135;619800,Bloggerschmidt"
"23997;642198,shamne"
"1503661;1417317,lalstef"
"848937;815327,cyrusmith"
"682850;1054490,thejones"
"170227;376654,qnikst"
"548964;1142015,crystalbyte"
"287480;90800,AlexZeitler"
"272409;288318,alexanderilyin"
"49100;712,alexkay"
"221166;277702,outpunk"
"459267;590396,KATT"
"6553;46854,piranha"
"149450;902378,AlexanderS"
"4025;48367,aulizko"
"172970;639292,alexanderbh"
"721090;844397,AlexanderBrevig"
"822457;1066815,alexanderkiel"
"126621;757218,alexanderzeillinger"
"492261;795563,agudulin"
"75623;421216,xenocid"
"207802;640835,akostrikov"
"1276459;1145539,AYamaui"
"186413;1555168,atoji"
"5807275;1360484,robbee"
"671662;853404,alexandre-butynski"
"1101193;1248964,xael-fry"
"247661;91710,aconrad"
"110396;118606,lohrun"
"427780;1028654,alexandregama"
"141343;162407,ajasmin"
"326831;412426,arlm"
"417666;366211,amazari"
"964393;1078916,gastounage"
"57467;1088946,prokoudine"
"3607;306091,arijo"
"665131;422906,alexandreroman"
"5061;992489,alextp"
"947041;1486062,alexandrev"
"202642;1346815,alganet"
"293677;410744,aalex"
"373323;441265,AlexJF"
"766569;1261084,alexandremcosta"
"294335;135254,mihaibirsan"
"104093;45712,ducu"
"462588;993508,topliceanu"
"88840;1476352,alexanmtz"
"106357;553615,arbarlow"
"381493;813111,abrooks98"
"1558955;877036,alexcash"
"1061237;122536,alexcheninfo"
"857605;601572,alexclear"
"438260;203786,xelax"
"1561734;1494521,arminius2"
"629432;779050,alexdd55"
"536255;848852,alexdets"
"1311014;1135629,dicarlo2"
"690188;1532133,alexdo"
"1100556;1387884,alexball"
"1255344;1279744,alexesDev"
"469230;840568,sfate"
"1328233;728975,ahanin"
"834046;1304961,krab"
"834668;1014458,alex-matveev"
"30774;476270,alno"
"345102;344747,alexey-pelykh"
"435583;1102183,alexey4petrov"
"1577048;799356,alexeyroudenko"
"100394;763883,Shimuuar"
"25241317;987266,crible"
"24733;9204,alexeyr"
"108267;161287,lexer"
"439415;1290086,xl0"
"633649;599628,CheatEx"
"3467;411960,kovyrin"
"30642;799442,aratak"
"203120;322079,alexeyshockov"
"1428;675016,sudachen"
"1102984;1335055,alexfdz"
"777240;1045750,alexfikl"
"566993;1015700,alexgenco"
"1448315;1057026,alexator"
"97085;1232586,alexgmcm"
"224322;436199,zb0th"
"311941;566872,alexgula"
"603974;1066637,ahamlinman"
"896214;843734,alexboots"
"1067359;960828,alexdowad"
"151401;338765,agrimaldi"
"144846;1428163,jacomyal"
"322456;398836,akinsella"
"1418979;1404476,AlexisMontagne"
"833683;336507,alexisshaw"
"812237;810061,alexist"
"1048813;989092,alexischr"
"1482411;1325139,alexisraca"
"750912;788782,alexito4"
"144549;23066,alexmackey"
"893697;948350,alexk984"
"656997;1356812,alexkiousis"
"165788;679195,alexkoti"
"569;1113641,alexkwolfe"
"808159;1127193,alexlande"
"156144;27069,alexlehm"
"23563;91642,AlexMax"
"1118201;816387,Implox"
"1448085;550938,AlexMiller"
"926408;132444,alexdmiller"
"147842;274789,alexmsmartins"
"7766;569086,couchquid-zz"
"1615380;1151295,alexolsen03"
"71482;1529244,apetrov"
"67973;357350,alexthewilde"
"30342;18627,alexott"
"661889;650002,ozalexo"
"636814;784858,alexpeattie"
"144866;1467359,alexperto"
"1610582;1312015,alexrc"
"83000;476699,public"
"1280924;1088438,alexsarmiento"
"1510570;811716,anaumov"
"14409;197007,alexweber"
"1037250;836352,alexwebr"
"332827;413662,alexwhittemore"
"176824;1467333,alexzelenak"
"427884;966113,alexzhan"
"462928;698389,greatjam"
"1343338;680267,Alezhka"
"702541;1144138,alfg"
"513661;14006,rodrigoaraujo01"
"31288;371236,faliev"
"621062;1011265,AlfioEmanueleFresta"
"931047;218802,afazio"
"442035;479553,adinapoli"
"56339;1076332,alfredormz"
"616413;1401580,alfredr"
"7066;11926,alfredwesterveld"
"48935;1011817,alfss"
"271810;432854,smakhtin"
"146385;1243323,algm"
"459553;691172,alh13"
"43397;467141,alhafoudh"
"1281559;357257,cartoonist"
"225308;193091,alinux"
"515861;485923,ali"
"604773;1234263,auy"
"1651426;1202490,yasiralijaved"
"110757;814911,alouche"
"79842;1010243,alisaifee"
"17738;29851,karbassi"
"64745;302484,kvikshaug"
"5759;181478,imsaar"
"5759;181478,imsaar"
"483616;158689,kliuchnikau"
"971299;1220094,AliakseiYaustratsyeu"
"1111939;596985,alialavia"
"963429;879852,aliasmrchips"
"82516;660745,alibezz"
"551051;661287,hgeg"
"320638;800903,aliciatang"
"739189;1515667,AlienJust"
"801085;823653,alihelmy"
"1187993;1344647,AliLozano"
"96246;482791,alimuzaffarkhan"
"1058943;842282,ReitenSchnell"
"376732;651748,aliok"
"628322;394572,alioygur"
"591113;636136,Alir3z4"
"1592120;1081919,alireza83"
"4431;183833,talentdeficit"
"17289;1337000,alissonsales"
"1046193;1076574,chipcerio"
"111540;140083,alistaircolling"
"40967;651827,codebrane"
"125896;35794,alistairmcmillan"
"486922;1481997,neronmoon"
"128826;503158,alisterscott"
"974349;667616,alitskevich"
"1587310;1305186,aljordan"
"31008;183036,aljosa"
"682031;1178470,alkalin3"
"1567125;703448,romeo14"
"161606;615066,alkz"
"112751;2443,allain"
"775697;898716,allam-matsubara"
"62863;235663,allangrant"
"430025;9706,allanwind"
"175399;121713,allanca"
"391251;1198679,allanlei"
"278694;117006,allansideas"
"7103;667813,gmallard"
"49409;120132,allenbrunson"
"181386;864985,allenmachary"
"879680;179252,allenwang162"
"186652;905362,allengaller"
"122213;1224722,allex"
"1326226;1561562,allisonmobley"
"1330631;1151507,a11is0n"
"5202;1187689,allisson"
"1161410;1420721,Willio58"
"508981;533839,allting"
"32912;57414,allynbauer"
"674925;1234765,almaron"
"782135;561698,almartin82"
"117464;750404,almazom"
"1594361;1153647,almeralmazan"
"624938;579594,almk277"
"42337;688016,almonteb"
"1338958;815542,aloctavodia"
"215476;304024,aloiscochard"
"804158;1024479,AloisJanicek"
"995329;1205831,lalal"
"764976;301419,alokswain"
"789095;824557,alok-upadhyay"
"789030;403729,alokito"
"173756;1152577,aloksingh"
"449536;140937,alongubkin"
"306618;1253475,afters"
"1254798;1177434,alonsebastian"
"846044;1207950,alonronin"
"846623;377981,alonbt"
"222319;212196,AloneRoad"
"365086;1104602,alonho"
"1210511;1381949,albert-lopez"
"565052;309201,aloschilov"
"32514;1254823,asouza"
"1084988;1490717,ggili"
"467682;277177,alpascual"
"870553;422835,alpertokgoz"
"3862081;1443936,AlexandrePTJ"
"8639;202206,kejadlen"
"119323;193424,alpmestan"
"966342;675065,alp82"
"1664239;1130991,alprkskn"
"149956;786070,alpsantos"
"19755;318497,alq666"
"199891;906676,ALRubinger"
"357372;634739,stargazer"
"414100;159912,alsor"
"1147375;869645,alsotang"
"1596161;1306820,5paceManSpiff"
"2917;1061750,AlSquire"
"983853;1071913,newmen"
"121747;277472,alteveer"
"1146789;706162,altinukshini"
"761656;1252496,altras"
"937917;866296,altruity"
"3504;185687,adamdill"
"25197;176554,aluink"
"487640;755672,alumae"
"1532666;1326783,alsenda"
"154038;1121693,afaundez"
"166259;107668,alvaropereyra"
"131234;510850,aguimaraes"
"1200861;545622,guiman"
"1131105;531927,alvego"
"337906;336945,rasouza"
"773284;1532931,stephy"
"378680;1127084,alvin-hwang"
"96211;141686,amites"
"1644263;1394943,alvinang"
"771989;410487,alvinthen"
"1008321;943713,yellowbean"
"1427643;220648,alwhiting"
"1209662;1057279,alwynd"
"463863;360293,alwyn"
"22303;182927,alxgsv"
"913289;859834,velazqua"
"112334;213323,Alxandr"
"445794;668534,alxarch"
"174825;911063,alxjrvs"
"1434212;1565818,adeines"
"1567503;479477,mudasobwa"
"155022;712117,ahmetertem"
"347552;734879,badosu"
"1112635;1038335,abhimanyumshetti"
"285170;379772,arghav"
"65202;154279,amalakar"
"801340;716185,amalrik"
"2567;332798,tmm1"
"324454;484596,amanahuja"
"17731;21447,commanda"
"1100098;1196078,amangel"
"748527;674474,amankapur"
"1563216;225260,amannijhawan"
"569251;1024645,amanone"
"398331;885148,amaozhao"
"332810;473103,dreamfall"
"66314;255532,amardaxini"
"15163;140110,amarraja"
"374244;650987,amateurhuman"
"1533589;1524222,amatiasq"
"1192919;1093582,AlexanderMac"
"51539;551674,amau96"
"1042870;922009,amaurs"
"32329;330223,ambakshi"
"105919;357182,ambar"
"156263;131482,ambertch"
"1582280;1343726,thestig992"
"227909;507821,amcdnl"
"1036049;684199,AMcNeice"
"1146006;26898,amcoder"
"338406;1014183,amcuserguy"
"120659;485964,amdprophet"
"296426;234349,amdgigabyte"
"8573;506806,amedeo"
"389946;423410,ameerkat"
"1060341;868168,amelling"
"13345;216953,amer"
"200230;235993,amercader"
"131371;552813,amery"
"1272830;126382,ZeKoU"
"1308054;1093222,AmetAlvirde"
"19625;225291,banyan"
"379154;387119,AzeemMichael"
"363757;743782,amidvidy"
"1175936;1541540,amigan"
"1663510;821862,AmihaiN"
"8440;1508050,amikula"
"233155;410599,aminhjz"
"1111410;663173,mxamin"
"404449;792785,amine2233"
"905127;1120565,aminh101sj"
"28212;410055,hamin"
"346271;1387230,amire80"
"163678;604858,Amir-Github"
"398975;1260322,amirdt22"
"121855;590874,amirmc"
"919;1225675,amiroff"
"802081;1090554,tcorral"
"167227;367019,codef0rmer"
"1308947;228521,amite"
"1220255;1065738,Amit-Thawait"
"848717;1113023,meetamit"
"125707;750039,amitaibu"
"79721;943007,amitayh"
"427888;1143309,amitchhajer"
"1150642;1277423,amitdar"
"42645;547636,Amitesh"
"1029727;835277,amithkk"
"7369;785648,amitkssolanki"
"1357109;1304966,amitkumarpatel"
"5671;1267648,amitrathore"
"533622;478489,amixpal"
"101109;353562,neotohin"
"587518;554135,amasad"
"49260;8825,amjith"
"827644;724910,amkazan"
"112228;650437,amkirwan"
"1045556;1058844,ammarlakis"
"996294;1406640,ammar01"
"559351;754377,amowu"
"169549;1258503,amodj"
"342538;1056455,amodpandey"
"883725;257169,amoe"
"140038;163149,amokan"
"840214;477403,amolpujari"
"879736;445845,amonaco"
"660100;1526975,amon0424"
"116203;368482,amontano"
"1230665;1236530,zoonooz"
"741921;167595,amorri40"
"294866;1480990,amoslanka"
"811559;1348767,codewithcats"
"819882;399298,XcrossY"
"100645;670858,amrishodiq"
"16900;215089,amro"
"679816;392689,amrosama2020"
"828664;1351786,amrutbudihal"
"606754;472209,yamsellem"
"1136941;800071,amshali"
"312085;1515513,awead"
"103606;456801,amsterdatech"
"47512;986308,amuino"
"643983;827110,amulyakhare"
"7268;413551,Amunds"
"621242;790651,lufeng1102"
"129252;258667,amster"
"1527315;1115857,amyangfei"
"1291636;1399347,techknuckle"
"681396;508601,anorsich"
"14220;325866,ananelson"
"988750;149482,anacrolix"
"1242308;1301237,Ifnot"
"26757;481317,analogue"
"470771;1194848,anandghegde"
"7569;189776,anandology"
"638590;635231,anand9"
"37190;96354,anantn"
"1579723;1274613,Anaphory"
"688722;1372096,retspen"
"1012208;880709,finfort"
"174558;242538,anatolyg"
"861063;1097234,artem-sedykh"
"798103;1439147,anbublacky"
"72891;323152,andelf"
"1427851;1246258,endthestart"
"60202;59329,parse"
"1122199;1092051,leino"
"73783;8805,andersnorgaard"
"204784;98378,anddoutoi"
"2189;1119402,unders"
"52518;313350,anrs"
"240894;756148,planting"
"120173;64529,bondehagen"
"41982;870739,dahnielson"
"30963;314406,anderssv"
"163283;146950,ahem"
"186791;739428,ahockersten"
"417494;1120186,tolborg"
"669945;577172,awallgren"
"161548;1236086,andersevenrud"
"1473004;571120,andersgb"
"746602;164779,andersmalm"
"1533460;1478736,ahhamamoto"
"42132;948155,raisinbread"
"423705;959021,Anderson-Juhasc"
"614500;1007593,andersonberg"
"147214;1204536,brson"
"328539;596855,AndreasPresthammer"
"242906;170007,andho"
"411;655051,tandibar"
"76900;639708,andiradulescu"
"40266;521791,saerdnaer"
"74161;2250,uparix"
"20295;186424,andion"
"1090413;798885,anditsung"
"575709;1068963,andisusilo"
"910321;980247,andrasfuchs"
"619016;1108919,andras-tim"
"23754;218751,andraskende"
"8232993;1007433,crossbridge-community"
"220832;247147,overlordtm"
"1610108;1324486,andrecsouza"
"75843;790076,dieb"
"29503;264545,andrefaria"
"135974;313063,AndreLouisCaron"
"599918;562791,andrelashley"
"222015;1511346,drelu"
"84652;105398,andrenho"
"1479304;327355,andredp"
"55304;1428723,pedralho"
"35626;985686,arestivo"
"595250;632523,andresan87"
"137079;478264,andrerocker"
"6936;95019,AndreSteenveld"
"104525;213542,gluehloch"
"714162;1091415,andre-d"
"1105923;1484750,andrecalil"
"70984;960874,capsular"
"21381;98057,andrelaszlo"
"325433;731672,aaime"
"390250;633211,moovida"
"70997;449289,andreabat"
"288366;720538,chiodonia"
"60066;568429,threeturn"
"223858;1460913,zenkay"
"829178;959066,nodo"
"1201561;1061557,ifero"
"37480;544685,andreareginato"
"157528;390534,knightq"
"660980;595413,andreavaccari"
"141220;480491,spaghetticode"
"775653;482317,andreabergia"
"48526;298999,acerisara"
"1211463;1170465,andreacoba"
"295683;388059,andreadellacorte"
"996257;1094189,akira28"
"321577;263001,andreak"
"126644;949017,andreij"
"1327327;909393,integricho"
"736408;1066733,andreap"
"967512;1056493,andreapavan"
"274916;398746,yellowandy"
"91565;1014139,indiebytes"
"739277;1091457,andreaskern"
"1183585;1343829,cullophid"
"198483;250098,Olsenius"
"6504;483478,andreasronge"
"187833;1534315,AndreasSliwka"
"118369;421749,astuetz"
"173665;235170,avwhite"
"285964;218514,andreaso"
"606207;721848,digitalplaywright"
"106175;500592,asflierl"
"97531;586863,G33KatWork"
"4200;741247,andreascreten"
"26229;424006,amaunz"
"20529;751143,pelme"
"49938;643764,schipplock"
"175017;24595,walm"
"779599;181823,sperling"
"95140;164277,Kleist"
"23362;440032,andreaslyngstad"
"320069;545989,andrebrito"
"517759;280064,andrebrov"
"571920;578994,andrecastillo"
"168180;434557,andrefsp"
"16997;405156,andrehjr"
"810040;360758,piatra"
"708161;465684,andreineculau"
"1257;664618,ph0rque"
"1323296;1282859,abarbu"
"256;1263963,andreimaxim"
"40809;265899,andreiz"
"38911;1535195,andreia"
"636000;956869,andreisebastianc"
"122259;765780,gaech"
"242141;1259758,andrejlamov"
"9829;567938,andrejj"
"585169;486582,Zhukikov"
"297270;1043611,whoeverest"
"1541017;696059,Andreluizfc"
"116623;268673,andredurao"
"201141;833830,andreortiz82"
"31367;145404,andyhot"
"1576389;641238,andrescanavesi"
"159014;221664,andresf"
"48368;1288364,ajtack"
"922063;979624,andresme"
"295688;1422605,darkladen"
"341088;439847,arsh"
"171427;821998,avillagran"
"847379;1272368,Andmat7"
"335721;809419,dranes"
"228650;1244883,andresilveira"
"302898;1417677,andrexv"
"397884;354718,andrewanderson"
"226378;678374,aarmbruster"
"26856336;609095,EmberCoin"
"644004;658036,andrewberls"
"1018422;589334,drewdev"
"457374;988645,preludedrew"
"268253;776473,acmorrow"
"56678;1340035,ashrewdmint"
"226298;441008,aclement"
"180339;73681,cobbal"
"159373;519702,cobbweb"
"217218;7549,andrewculver"
"572840;1210055,acurley"
"205658;171089,macdrevx"
"427528;590952,lunatik-210"
"219262;510984,dakin"
"512974;1070772,andrewmovic"
"13001;265741,seadog"
"201693;343759,rewolf"
"1265208;1108697,andyholmes"
"172168;984145,agacek"
"252037;495133,andrewGarson"
"445764;538507,ahammond"
"407625;520909,gertig"
"58012;335798,ahk"
"779573;621868,evilwalrus"
"7069;128850,nelstrom"
"11052;170400,anlek"
"377762;960876,kondratovich"
"933760;533497,andrewkozak"
"105260;309460,andrewleclair"
"5923;699629,lenards"
"92052;629555,louth"
"1567207;1137553,HoberMellow"
"709085;1316342,ndroo"
"93354;381384,PerilousApricot"
"259050;788349,acmisiti"
"208667;5152,andrewmyhre"
"1297635;849826,nagi"
"350939;1027974,andrewogg"
"118102;294641,agray"
"594548;575352,me-andre"
"5316;350106,mcandre"
"742627;581681,quitmeyer"
"181006;492479,andrewroycarter"
"178002;84942,ahawker"
"288711;258946,anroOfCode"
"53284;702831,spott"
"1173394;895769,astahlman"
"356399;488311,asvetlov"
"211325;82754,timney"
"1109620;746755,Cher80"
"370118;487806,andrewgross"
"697555;660496,andrew659"
"1429281;181772,andrewcooke"
"517889;333625,acusti"
"825875;521894,agaffney"
"526481;1530520,amboar"
"1066870;510722,ajmccluskey"
"38463;221200,amccloud"
"70327;365831,andyhite"
"1295848;1371161,andrewcross"
"95214;191636,andrewle"
"19509;145395,andrewgilmartin"
"3238;544065,loe"
"85874;1086123,andrewmccall"
"7574;29813,anurse"
"693537;851244,andrewrauh"
"86101;528915,andrewspittle"
"162151;175885,agius"
"4278;61439,avit"
"10639;847813,andruby"
"114726;827416,beekhof"
"9805;155417,chalkers"
"6380;152948,arodland"
"27157;1139885,andrewcarpenter"
"355540;113455,darknoon"
"164040;908077,ahawthorne"
"91378;26874,andrewducker"
"78607;1269623,ei-grad"
"379474;601714,andrewbray"
"185408;99184,ahlatimer"
"292014;7011,andrewdavey"
"785641;725792,haines"
"4306;11577,segdeha"
"6291;1110495,hyfen"
"179852;67200,jabagawee"
"24095;370859,akennedy"
"576700;333439,lushchick"
"111098;1330621,andys"
"7776;440305,omenking"
"126967;211762,mootpointer"
"597501;790063,andugood"
"56997;133160,kinabalu"
"163728;498323,andrewgriffin"
"16714;288557,orospakr"
"76371;416845,shellscape"
"64091;42274,atetlaw"
"958866;682274,timminswebdesign"
"21676;48204,andrewtj"
"1190196;473906,vertism"
"1546;847799,kolektiv"
"466052;551441,kaptk2"
"3548;46926,AArnott"
"105522;191502,enthooz"
"67367;309284,scottyaz"
"1450858;1344499,quadmodo"
"8118270;1055531,andrewborem"
"701952;591100,andrewhilts"
"378677;778774,andrewcsmith"
"4159;1154753,littleidea"
"1000365;920620,andrewduffy77"
"347006;1102394,andrewduhan"
"47586;436361,ayoung"
"392862;484644,andreweskeclarke"
"113192;651983,andrewferk"
"781504;154594,afreiday"
"8575;183635,andrewlkho"
"1012289;730126,andrewhoyer"
"2473046;974552,notwithstanding"
"31570;718526,ajshort"
"175454;1352105,andrewjshults"
"282599;778331,kelroy"
"194203;444794,Skipants"
"183418;788275,andrewwatson"
"186297;1015946,andrewmp1"
"466052;551441,kaptk2"
"338179;272642,AndrewBelt"
"359233;1223687,andrewps"
"139962;528576,andrewpthorp"
"213567;418084,andrewrabon"
"13490;1096700,andrewroth"
"50643;460088,andrewryno"
"961088;969192,wwwdrew"
"1146287;588785,andrewshkovskii"
"52241;395596,andrewsmedina"
"1312345;1402481,andrewvergel"
"623660;1313736,andrexx"
"798245;514753,grachov"
"196372;472526,Mazovka"
"975641;863106,metelsky"
"124255;853920,AndrewRadev"
"283380;390959,kryzhovnik"
"1176388;875265,fycth"
"1244690;1444040,asn007"
"75169;436350,gugu"
"19343;808537,ai"
"116603;355357,eploko"
"967317;862010,CentaurWarchief"
"156837;13719,moll"
"1143815;1255352,SomeAndrian"
"49207;366212,andrii"
"250780;148726,andrijan"
"132242;217076,andris9"
"25230;1061905,andriusch"
"1100012;1166995,andrius-senulis"
"1287970;1018647,andreasfrom"
"761881;1053566,WebDucer"
"959110;927813,andrxs"
"150730;418721,andruu"
"729789;1226910,andru255"
"629673;1303564,ags313"
"54742;513353,kajetanowicz"
"9280;111027,andrzejsliwa"
"891085;880898,shkarlat"
"1448271;1228429,andunslg"
"225196;684222,andxyz"
"962241;360671,biscuitvile"
"51764;178954,b3cft"
"350468;1390143,iceycake"
"676445;677737,adufilie"
"523955;213296,czarandy"
"132373;496776,alemay"
"563800;1180560,xadn"
"19744;187264,andyt"
"123301;205694,sonyandy"
"60035;8140,andybak"
"35588;374873,andrewpbrett"
"107073;116990,andyfowler"
"237005;609144,rouge8"
"176953;5595,argv0"
"22904;21120,andyjeffries"
"2771;311428,andymatuschak"
"632072;437862,andysmart"
"294436;672958,ajwillia-ms"
"47434;275482,andyyoung"
"563460;506230,commadelimited"
"175725;1546406,zenom"
"169139;337528,andyedinborough"
"80752;1020732,tiptronic"
"26065;10032,AndyA"
"455080;847187,andy1138"
"54177;114584,ndp"
"103977;267998,andyli"
"154265;1052457,astevens"
"638998;584597,payne92"
"41100;8454,petdance"
"283958;1013757,Ampersandy"
"6162;157346,stonean"
"1394;729767,cablehead"
"24738;912423,txm"
"132021;527862,andysprout"
"1059881;1148064,VerbHQ"
"772173;171259,andySF"
"527465;457670,andyast"
"147703;405628,andybellenie"
"758910;1061794,andyceo"
"766978;992933,manghost"
"3048;1376256,chilts"
"125164;17113,andycjw"
"505385;227546,andydrizen"
"934084;433060,andygrove"
"44343;653084,andyhorng"
"1080190;1046505,lambtron"
"438236;12367,andyjmay"
"1582704;523025,andy-js"
"1000065;433767,andrewjleavitt"
"1524833;584419,AndyGtr"
"1150126;1457871,HandyAndyShortStack"
"5491;1266795,arvanasse"
"374252;151471,andyvn22"
"524923;870178,AWinterman"
"174208;445061,ane"
"939823;1546471,abhoopathy"
"1320714;942147,aneeshgarg"
"29393;117710,anelson"
"134911;110265,anero"
"38703;312161,neworld"
"306999;552065,angad"
"1402417;1484175,angadsuresh"
"279449;557712,yemel"
"1329009;963521,angelk"
"989136;870693,NovaMage"
"1149137;528264,angelagabereau"
"954218;908425,asystat"
"55675;839925,angelim"
"856409;1498092,angeloc"
"1283760;1443857,angelogeminiani"
"2807;121653,alakra"
"1932211;327708,angelozerr"
"1026712;979928,akxs14"
"449632;464519,kangelos"
"1041937;1125253,anggadjaputra"
"830506;540045,angilyu"
"779500;440450,anglidraco"
"346110;989968,srvaroa"
"433145;71092,angus65"
"604030;615370,angus-c"
"970903;427193,anhulife"
"2336398;1103943,master11218"
"4404;1063008,anibalcucco"
"894407;464886,anidev"
"240938;1105870,aignas"
"321785;348392,anilmuppalla"
"1256710;1201466,AnilManzoorITC"
"84376;260774,anildash"
"703656;699743,anilshanbhag"
"1365100;203299,anlcan"
"1028576;664959,aniltonjunior"
"92036;387881,animecyc"
"831911;1412084,anindyaju99"
"180575;213578,aninhumer"
"960180;1000166,anirudhmittal1989"
"617443;568169,anirudh24seven"
"207111;91936,anisaraf"
"689682;834613,nightfox"
"93032;358898,imhotep"
"223153;108069,gnuman"
"779009;943889,anisimovdenis2009"
"148971;785962,apatel"
"397118;582555,anitagraham"
"1127173;1128243,nataliastanko"
"355479;504121,anjalshireesh"
"512602;807279,anjanbk"
"77624;1337564,anjshenoy"
"316777;713303,w3rs"
"463851;494170,kertal"
"1448337;609131,yuanxu"
"778085;767216,ankita-mathur"
"931331;752920,gupta-ankit"
"422039;846478,ankit8898"
"888334;562471,ankit585"
"820105;938146,nerandell"
"676522;428598,ankitdhingra"
"250437;90403,thelastnode"
"498669;843244,ankurp"
"530850;1079260,AnkurGel"
"498234;234125,amalagaura"
"796949;1102329,ankushagarwal"
"1395147;464358,codexplo"
"1287923;487418,anmolkarol"
"111924;1486328,annacruz"
"132383;1560107,annasob"
"1245694;1121615,annegatchell"
"277851;1537,MikeRankin"
"1407330;1451786,bighappyface"
"7259222;11,leeed1998"
"39972;2667,anonfunc"
"202259;77013,leafy"
"501869;460942,anoopchaurasia"
"5068590;791622,anoopsin"
"2140;548126,anoopr"
"873317;820668,anoopc"
"798009;1328888,anoopelias"
"699053;830012,anossov"
"27;114941,anotherjesse"
"125289;1097215,aadlani"
"615107;1112297,anparks"
"1029664;366292,hannikaine"
"222198;1346184,morteza"
"15317;1096684,anselm"
"1632181;973270,AnsgarSchmidt"
"823991;843555,anshulmeena"
"859954;809634,anshulm"
"1307362;783478,kumikoda"
"283559;572511,anson0370"
"1474346;1316720,anson627"
"177047;431270,antonarhipov"
"51928;1454210,ambientos"
"20403;75815,mironov"
"117884;161838,anty"
"917;250331,antramm"
"1032;144824,antage"
"239571;881611,Antall"
"832730;755940,OrangGeeGee"
"974295;967319,atbyrd"
"985604;515929,andreaswahlbeck"
"389995;1056119,anth1y"
"1254203;1092442,anthem001"
"30333;482788,bonnefoa"
"2340;614756,anthonycrumley"
"60938;24069,anthonydahanne"
"1262389;161937,guerrilla"
"2278193;871081,zuphu"
"594112;656113,tonylukasavage"
"598958;1313046,amscotti"
"217842;3619,AnthonyMastrean"
"828610;1286044,arosequist"
"50555;64290,ataranto"
"1399133;448727,apusateri"
"318887;383249,acrognale"
"973813;526520,aliekens"
"426434;366435,shoumikhin"
"715014;1209178,antwilliams"
"820630;848472,pixelsquare"
"1170415;1030576,bandtank"
"930079;781704,anthonylebrun"
"94215;144619,djnym"
"972210;1096920,AnthonyMRios"
"1252664;1155405,anthonyrstevens"
"508346;361689,sessa"
"589449;433268,anthonyyim"
"174911;174316,anthtoonaing"
"333671;830662,antillas21"
"30054;205784,antimatter15"
"6957;641433,yesyo"
"65632;130155,antirez"
"92340;343207,antlong"
"693483;520217,mantognini"
"112179;1110514,Antoine-Falquerho"
"177588;969908,Herzult"
"19050;589372,antoinehersen"
"1536035;1529346,apinsard"
"1071521;987717,antoineguiral"
"160279;1052033,antoinerousseau"
"489817;523758,antoinesd"
"159290;242786,antoineleclair"
"550884;1183624,zapo"
"36916;880602,aq"
"43760;204662,equeny"
"274365;893753,AVBelyy"
"683786;956483,Otann"
"4329926;939028,adubovik"
"278630;456517,satyrius"
"783188;906156,Forever-Young"
"108543;230202,antpaw"
"445242;891347,wonderfulll"
"408016;1455566,codedot"
"5375;1161193,egogo"
"784159;567527,sorhus"
"140631;235629,astnt"
"56450;386685,t0yv0"
"393243;550451,antonbabenko"
"221259;929024,codepuzzle"
"81643;867208,valderman"
"202325;300572,antonpirker"
"116919;78490,tonic20"
"49106;71701,valueof"
"83644;254769,jodaka"
"129705;705422,antons"
"776322;736160,AntonStoeckl"
"115860;223654,azolotov"
"1402039;815125,mantonaci"
"242988;893870,bak1an"
"107236;947428,adie"
"513581;1102761,jtonic"
"645285;189599,tsutomi"
"11162;644660,gwik"
"583196;613535,ninuzzo"
"126246;378026,antdimot"
"330735;390,ahaley"
"708110;964853,amusarra"
"86951;231178,alopes"
"60596;481749,antonioedirane"
"1192187;1035228,aelena"
"802713;1332545,antoniofrignani"
"8277;601852,antoniogarrote"
"440827;1491551,elachuni"
"7622;133864,antono"
"568104;1086121,canton7"
"3414;105741,astubbs"
"556055;1485722,Ant59"
"763341;1012493,antoshalee"
"131855;291603,apeisa"
"2739;64979,tarvaina"
"704200;918959,ztane"
"308;2448,anttih"
"874076;729821,antwllm"
"764820;1197782,sterswift"
"1628340;1196467,neo1691"
"113594;694239,anujluthra"
"562048;1557759,anujaware"
"969376;1315738,anujdeshpande"
"432489;414317,execat"
"1333130;985796,anupdw"
"217040;306198,anupamk"
"767088;1321290,anupam1525"
"988332;396575,anupamsmaurya"
"201952;563622,anupcshan"
"27737;346960,anupnivargi"
"621119;621329,anupwin1"
"462684;506638,codeanu"
"555452;277375,anurag-jain"
"1253837;1091965,logfalcon"
"225407;125351,anvaka"
"70879;810320,anvaysrivastava"
"435675;826938,aludin"
"840430;909267,phoetry"
"97828;1056084,anzaika"
"816703;706506,anzarafaq"
"494795;305340,aoberoi"
"245006;337164,aobyrne"
"218344;1218958,aodag"
"1145806;821649,aomidpanah"
"125947;578029,aosmith"
"920407;918962,AndrewWorsnop"
"155617;360847,AaronPresley"
"238436;1492042,smindel"
"181814;1125390,aaronpark"
"156101;358004,neosavvy"
"248408;225741,apatrushev"
"693815;1400010,apburnes"
"865096;657428,apdarshan"
"20592;42219,apenwarr"
"119367;203015,aperepel"
"180601;1198359,skarcha"
"278543;840748,Adyrhan"
"14872;12171,apetresc"
"1855;590921,apexsutherland"
"564592;403805,HeinrichApfelmus"
"167679;199317,aphahn"
"299020;542744,aphawk"
"597026;1335314,andersoncardoso"
"34889;72114,apinstein"
"79386;214303,apirak"
"159073;237301,billywhizz"
"1148228;1028629,aplicatii-romanesti"
"395937;117539,aplusbi"
"1028941;1087736,rainysun"
"375542;69310,apnerve"
"777773;852639,motevets"
"804;230421,apod"
"1190845;1540248,MayaLekova"
"738507;309314,apoloval"
"963425;1195623,apoorv03"
"1388235;1090965,apoorvparijat"
"159464;161739,apobekiaris"
"270924;858493,apostopher"
"10406;210641,apotonick"
"426995;1464475,apotts15"
"246314;1217464,Apelsin"
"480133;685060,lighter"
"21979;998718,appleboy"
"874936;969069,JAWZapps"
"567713;774065,aparnachugh"
"100354;183639,ar"
"70412;176341,apraditya"
"5847;65326,Apreche"
"11524;225825,diabolo"
"586669;227746,springBriz"
"620553;987624,aprimadi"
"711967;630732,aproctor"
"211640;1031908,aprotsyk"
"202834;683010,apsharkey"
"11692;322634,apsoto"
"616407;1195155,venomjke"
"479676;604187,apuckey"
"529840;466013,apuratepp"
"18140;86288,aq1018"
"24882;821796,pgregory"
"146160;642376,aquajach"
"687803;834146,aquaprats"
"222272;530115,aquarhead"
"371832;658946,aquilaphp"
"1164492;1047589,aquiladev"
"3722321;1238066,arekom"
"896408;636786,ar3"
"517055;40914,amirrajan"
"83293;223430,ara818"
"17865;12030,Arachnid"
"44386;252412,aradzie"
"53614;390363,aragaer"
"292229;108156,arahaya"
"1160233;364775,aramael"
"84729;91238,arantius"
"979913;873013,Ikstar"
"22322;85134,araqnid"
"193687;527559,arasbm"
"699404;1031676,arashbm"
"1442362;902180,arashgh68"
"1547801;1157445,aravindc26"
"1033087;1134852,aravindj"
"1595212;825731,Aravindlivewire"
"450483;730189,arayray"
"46482;419378,arbovm"
"1069201;302645,mr-archano"
"1538090;1411732,archev"
"84920;415131,archimag"
"1225897;1085741,sascha-hendel"
"21273;217496,archit"
"834512;1514245,archonwang"
"492002;463935,arclyte"
"39773;626525,arctarus"
"154157;637071,Daminvar"
"208967;703118,ardakara"
"47733;292552,ardiesaeidi"
"92726;1334452,ardemiranda"
"654461;508436,ardentum"
"172661;1358911,ardian"
"544814;587282,ardianzzz"
"349003;429107,ardnet2"
"72782;6488,ardsrk"
"152762;954442,poblish"
"534341;1370301,arkadius"
"1182529;694151,arelangi"
"45490;118960,Arelius"
"1631629;485573,williamwa"
"53455;800042,areski"
"14084;37772,aresnick"
"3197;671691,arete"
"4483;2843,arfon"
"27713;474090,argan"
"448040;700011,argent-smith"
"627841;941602,argusdusty"
"1103637;1447856,CrossTheStreams"
"321856;1010003,kardasis"
"140873;500150,arirusso"
"27023;749782,ari"
"866636;708793,victorarias"
"55084;156869,ariefbayu"
"440256;300695,goldalworming"
"1913;117975,ariejan"
"1013064;884921,arieldelafuente"
"866255;1079017,rel-s"
"4906;1299441,arieliten"
"196210;855693,aferrandini"
"188464;1430810,arielj"
"371360;433961,ariellephan"
"301949;578892,arielo"
"868079;1447667,arielpts"
"937673;588068,coolestdude1"
"1146705;499476,arifwn"
"753819;951827,raisoblast"
"170453;508985,arifsanchez"
"1742914;1556290,arigo"
"1533635;1387231,arijitdasgupta"
"862296;1524405,arijit91"
"71468;44385,arikfr"
"16835;3896,phatduckk"
"1368611;1005972,arpl"
"323855;989133,i-arindam"
"448302;1209072,adamrisser"
"1629621;321744,aritzcovan"
"40184;320031,arjanblokzijl"
"1452176;700943,arjanirh"
"1033535;1290679,arjav"
"12070;4986,credmp"
"1074391;791624,arjeousski"
"1002902;1032316,Mellkor"
"912362;881685,arjunc77"
"1961201;908430,arjun-menon"
"656423;477263,Ark6476"
"947165;1030378,arkadiybutermanov"
"222976;255633,arkadiyk"
"91765;78667,arkaitzj"
"17991;22325,jessehattabaugh"
"118427;834643,Arkaniad"
"134430;1173611,marcrosis"
"1039090;11889,arkban"
"1099068;1310389,arkist"
"515706;373311,mexitek"
"1169065;1289167,Arlus"
"31371;1173871,jetdillo"
"35364;637320,asinger"
"750497;959736,armeninants"
"528692;93995,armhold"
"7396;19990,mitsuhiko"
"592032;1555560,armon"
"770921;407762,armonge"
"1134016;819275,armoucar"
"1561310;1269541,armsky"
"151590;205058,armsteadj1"
"67139;904758,arntanguy"
"1498;10442,arnar"
"797707;361535,kbok"
"733352;791534,acoomans"
"606963;1097599,agourlay"
"40221;137871,abailly"
"13472;1265913,kid"
"53919;207695,arnaudlimbourg"
"909624;187064,arnbak"
"250671;1356091,ArneTR"
"1433682;1033535,153957"
"128553;192265,alfar"
"618852;304088,awdng"
"96777;7666,ArneBab"
"375562;214127,arneaase"
"1131997;901351,arneshmudaliar"
"642905;230443,rarneson"
"706797;308731,arni1981"
"123521;82062,ArnisL"
"49686;494375,arnoesterhuizen"
"1528733;603322,arno481"
"100821;1440831,jasny"
"397325;991020,ArnoldOverwater"
"61151;2038,arnorhs"
"82582;826777,tdrhq"
"236384;857727,arnt"
"21548;65225,arockwell"
"15422;79287,arohner"
"118582;613894,arokem"
"480981;663401,arol"
"30906;238849,synic"
"982276;986907,abury"
"233233;102694,aroneous"
"512293;122022,ahmadia"
"4512;238195,codesnik"
"722775;530772,aronbierbaum"
"188864;258611,aronisstav"
"1375759;964242,aronkerr"
"62619;309367,aroop"
"930090;1505819,uddhavarote"
"538312;815324,arpadszasz"
"126833;400796,arpia49"
"1167140;1336230,arpitjaindaiict"
"239348;294557,arpitrai"
"128298;595862,arronmabrey"
"965429;1438136,arrygoo"
"1325156;1071129,arsenelkin"
"423442;726861,arshadansari27"
"1511567;560146,Arslan007"
"1308799;486139,arslan-anwar"
"1436597;1053318,amanju"
"24483645;1100477,awav"
"40604;718878,art-orlov"
"126645;230979,arttaylor"
"37226;145844,artagnon"
"315338;473135,uavn"
"225472;969451,artemrizhov"
"194702;833211,sm00th"
"103545;274074,ox"
"669434;731243,ApmeM"
"967132;1562633,artem-zinnatullin"
"1566044;823855,Brejneff"
"1002167;857332,artem-frolov"
"156632;659325,volkhin"
"570305;760323,artemaminov"
"23721;51209,artemave"
"291567;566268,2garryn"
"743738;756261,citxx"
"133202;440489,Arthraim"
"786034;717336,arthurborisow"
"702021;1424877,Quuxplusone"
"1449307;1298998,zarthur"
"60508;46495,reutenauer"
"1119915;658224,arthur00"
"156231;284623,arthur78"
"42500;388306,gunn"
"854860;814861,ArtSabintsev"
"34947;65490,arthur-debert"
"1076429;1388621,chonwhite"
"1282750;1324153,arthurstomp"
"322331;1080136,arcthur"
"622795;1341209,arthurtumanyan"
"1123585;1395638,ArtifTh"
"482867;1015302,artinboghosian"
"100931;622496,artisdom"
"653565;1291034,rtsinani"
"1455368;694139,ArtisOracle"
"225335;1018997,artjock"
"587338;1446440,vladinooo"
"347490;875666,artmsilva"
"1027779;1384063,onenight"
"212824;1281675,ArTourter"
"32793442;525463,daptin"
"665325;480014,artshpakov"
"1047344;1201003,amodig"
"120079;542458,sevos"
"132118;477534,nurv"
"1310552;546913,aokolity"
"119276;772450,arturhoo"
"392222;462015,arturoherrero"
"203078;547972,arturolinares"
"1419539;1266513,arturvt"
"795368;147564,sarunw"
"416752;1192168,WhiteOwlUk"
"11142;1555120,artzte"
"134249;820262,artzub"
"1152131;1198446,arudyk"
"480889;863115,arufian"
"2255137;872168,Arul-"
"139735;427606,arunjax"
"65404;456640,arunisrael"
"1048;145495,arunthampi"
"1270725;821046,ArunKumarGK"
"931533;882851,Arun-UB"
"143679;635171,arunma"
"67408;940169,ArunKumar"
"85705;310402,arunchaganty"
"3615554;457224,minum"
"151227;315399,arzvi"
"712644;615154,scaria"
"372098;297435,aruseni"
"769282;1125076,arv100kri"
"120917;186723,Arvi3d"
"683882;312332,ArvinJA"
"447618;350193,inimist"
"606431;963673,arvindkhadri"
"489181;597990,Arwid"
"579011;560039,Arxisos"
"1273457;984687,aryann"
"1058598;1115957,vinnizworld"
"39822;434728,acan12"
"655146;558271,antonsamarsky"
"441527;1141828,asabaylus"
"17365156;120982,ObjectMatrix"
"118335;138881,AsadR"
"312794;453614,sagen"
"705477;680706,Lanka"
"575070;12818,asakin"
"457878;1551670,asakurastar"
"91452;341446,asandroq"
"603317;598029,codelion"
"1433339;975586,asanoki"
"1900;425371,asb"
"167812;981031,ath88"
"150764;641008,asbjorn"
"12283;61818,asbjornu"
"890730;638714,FourFourHero"
"20240;1539071,asciimoo"
"75586;12767,ascjones"
"314398;11895,exalted"
"441231;1151108,lukaszolszewski"
"537838;132978,aseemk"
"191849;313189,abozhilov"
"1329;207564,asenchi"
"591810;588264,asenovm"
"449578;974768,serba"
"1452164;1525091,asermax"
"761589;1189657,ASerputko"
"760867;478679,webandtech"
"169468;552164,asfman"
"58614;16023,asgeirn"
"568036;640584,Tyilo"
"812272;1387837,papaboo"
"668679;496348,aanvari"
"797119;1275121,acaire"
"859827;1230533,FingerFeat"
"34150;439189,ashb"
"1389672;1125439,ashah325"
"25457;1141759,paulproteus"
"372276;84181,Asher-"
"565991;450600,ashic"
"247257;661918,ashikali"
"5362188;240695,ashishdasnurkar"
"1093537;1034521,axisc"
"6015;61128,atonse"
"818551;969851,upadhyay-ashish"
"1243062;432745,ashishrv"
"487403;516380,ashish2py"
"1037523;255562,ashishmgupta"
"1310860;974193,ashiswin"
"134800;89949,ashkanr"
"749790;1414193,ashkarrrahman"
"223670;879465,sudoash"
"158215;1250816,ashleyford"
"713675;886092,ashrocket"
"329318;123632,ashleymills"
"1025906;926819,ashleyrevlett"
"1080713;1129636,banksy89"
"479914;726735,ashmehro"
"407934;565303,ashnur"
"401055;33203,ashokgelal"
"1170880;557448,ashovlin"
"230722;1022659,ashmirza"
"46159;1275999,ashrafuzzaman"
"158896;498268,codev"
"199201;179993,AshtonKem"
"627997;325300,ashtuchkin"
"932544;750199,Ashung"
"1276404;308942,mashurex"
"1460155;1558376,ashutoshdikshit"
"600279;1127383,ashwanthkumar"
"40988;637099,amangale"
"1036483;1022008,ashwindas"
"883074;1286523,apatlola"
"2450317;815812,ashking"
"14833;342952,ashwinphatak"
"211174;917094,ashwinraghav"
"374965;471842,ashwoods"
"678800;586081,Asido"
"149459;890960,asiermarques"
"1047094;394630,Moutasema"
"1558;5577,ask"
"16861;62735,abh"
"1514713;1000182,afifmohammed"
"606934;1057442,askcuix"
"160447;1129979,datakurre"
"662824;187195,askreet"
"1000;99475,aslakhellesoy"
"132158;1090129,aslakknutsen"
"171670;451959,aslamdoctor"
"44175;359735,aslatter"
"693907;703529,asmcad"
"692360;71643,asmundg"
"1848799;1463494,RaviAsnani"
"8495;410059,asolove"
"7641;127137,asoltys"
"139577;174231,soska"
"1517153;1301588,lordofthejars"
"97600;1447871,Asparagirl"
"844194;301498,aspcartman"
"196128;1464069,spenoir"
"1343464;995458,barbitoff"
"247067;1026,nickolay"
"1303052;1376436,asraful009"
"71994;106381,asrail"
"714328;558516,asrsantos"
"1164569;305172,asso1985"
"733056;947501,doomsday"
"733349;630261,kolov"
"151863;432251,Assim"
"270607;1472667,desoulter"
"50826;650305,asteig"
"66250;81574,asteriosk"
"865962;599475,asteriskbimal"
"47390;447566,astjohn"
"373903;175778,astralbodies"
"12923;10515,astro"
"147278;203554,aswadrangnekar"
"236578;15345,asyazwan"
"15775;658001,asyraf9"
"857002;831919,aszeszo"
"881195;1281172,attheodo"
"1311278;1216986,kaygun"
"497123;1007690,atajwala"
"369188;44852,atarikguney"
"26792;301065,Atte"
"55833;153238,Athas"
"1000019;946665,achliopa"
"691144;713818,athirn"
"731394;153092,athiwatc"
"524769;726984,a-thomas"
"282532;767986,andrewhthomas"
"1566187;1497012,drewhontz"
"1452857;1191634,atifsaeed14"
"1304071;992414,atilag"
"342451;1274577,atilaromero"
"124325;1132982,adamtilton"
"67068;1077167,flipback"
"189563;362992,atippett"
"281812;1393798,atipugin"
"1375632;314626,boxman0617"
"1042164;343866,atirip"
"5486;114658,atkinson"
"1529545;1541935,torchingloom"
"207646;485407,atle4ever"
"25417;471003,atle"
"424885;577133,atmosx"
"769447;942000,atmb4u"
"10588;258156,ato"
"818662;918850,atomicframeworks"
"51260;1214,atoumey"
"13043;14659,atourino"
"105376;151913,alextakitani"
"115199;128991,atrauzzi"
"54035;49554,jneira"
"389271;1324380,atrigub"
"1165190;1534665,atrived"
"233600;370622,atrodo"
"1068543;903877,adamsiem"
"34433;409382,fuwaneko"
"24110;462512,ymnk"
"53929;1465645,atsushieno"
"788787;618117,dennischen"
"194084;391612,attilam"
"57303;475565,szaboat"
"371744;810207,nirleka"
"27217;310324,tyaga"
"144555;115936,agoodman"
"632815;250077,aubreyja"
"832355;447446,dharFr"
"375;26051,augustl"
"1576598;1528985,autra"
"96711;608820,augusto"
"38887;202171,abecciu"
"563158;1148180,augustoht"
"50806;451591,augustorsouza"
"1006453;418347,poef"
"191020;239567,JAAulde"
"123205;1245023,aur1mas"
"681456;813126,relu"
"597307;1121345,benel"
"10770;926413,aureliendrouet"
"1993;424844,aurelijus"
"19572;52936,aurelio"
"336475;1264619,Kitsunepunk"
"1474080;860450,aurhe"
"3251;229481,apanda"
"102156;27938,austegard"
"760906;691560,N0hbdy"
"617460;1517299,austiine04"
"1355145;1161172,austimkelly"
"9051;233160,austintaylor"
"634699;500959,austinbv"
"737552;1360071,Austinh100"
"1431405;1296649,austinhuminski"
"1642057;1486674,ausj02"
"69092;160579,austinstorm"
"640579;784038,AndriySand"
"50729;9832,autarch"
"703603;526312,automaticoo"
"831631;677673,autophage"
"1567233;919240,autthapone"
"1010288;1243574,av-ast"
"603182;640798,AlexZheleznyakov"
"990793;1265770,av930"
"841497;391114,avaitla"
"136825;472866,avances123"
"12224;440333,avand"
"45301;350187,avar"
"958856;1171453,Av007"
"982;20487,avdi"
"1481436;364228,avdyushin"
"709653;418838,avelinoferreiragf"
"109793;1319098,AvengerMoJo"
"75315;1060314,aventurella"
"22508;330261,JakeCarter"
"77019;374383,averymd"
"175292;251013,lxmonk"
"4515;690160,aviflombaum"
"79502;155720,KensoDev"
"567678;433034,aviandri"
"804609;306686,pikender"
"1319618;1499561,aviindub"
"158007;634007,avilella"
"513457;382609,hardfire"
"37586;1352190,avital"
"432870;481420,avjgit"
"1267263;1531136,ymn"
"427039;1384305,avkhozov"
"860989;996851,avnishkgaur"
"202314;1100873,tdgs"
"1660887;1261757,avrohith"
"86921;331473,awagner83"
"1501892;1150074,awamper"
"416542;674016,awbraunstein"
"32249;2726,wickedshimmy"
"483298;225268,awinabi"
"1100611;802142,awollangk"
"8642;263686,awwaiid"
"1312360;577202,amalbose"
"100934;1120228,axelexic"
"175627;1178230,axelhzf"
"495407;588779,axkibe"
"39567;19872,axman6"
"1296434;476757,axplus"
"136125;255461,axqd"
"843579;547452,axw"
"1077766;466140,popowa"
"1515614;868993,raynaya"
"556676;601804,ayang"
"1406135;1071340,ayanozturk"
"55690;502231,abra"
"663747;783008,abenhmida"
"687978;1372378,alamboley"
"835165;495416,Rorchackh"
"1428169;1498823,az7arul"
"62399;284582,witsch"
"756569;1317461,azadisaryev"
"16604;3797,azamsharp"
"871868;825322,azaroth42"
"151331;355794,azatelli"
"696791;346917,andreazaupa"
"331907;1380355,zender"
"527713;1272111,azchohfi"
"3103867;502932,adaio"
"352355;756606,azhao1981"
"441436;845588,khakulov"
"17424;1347675,azimux"
"37282;586323,azizk"
"608778;551183,taskinsurucu"
"253638;1105411,azki"
"1481973;28581,mazkolain"
"66332;72653,mcchang"
"141295;527152,Azolo"
"1266447;253243,azrafe7"
"810186;402267,azram19"
"154713;1087270,acidventure"
"346780;1471630,azynheira"
"92834;1119143,bogacaslan"
"104977;782324,boryas"
"760500;915479,GotEmB"
"1212;3415,bgianfo"
"20884;373903,bxjx"
"347039;586766,blouerat"
"51493;1000532,bmeinl"
"1251587;1011922,scien"
"49920;1101800,smievoll"
"353166;505165,petrushev"
"1286031;687079,senserone"
"1669849;1164632,vamsib"
"165624;176960,CommissarXiii"
"96041;1327219,bwillums"
"492682;401861,ftwbzhao"
"59077;191134,b00giZm"
"59077;191134,b00giZm"
"1257965;8815,baileyp"
"472900;609002,b3by"
"792924;691089,bomsy"
"23704;452191,b52"
"23202;1352786,aduros"
"117276;88949,bvanderveen"
"83781;72035,baalexander"
"1084156;686932,superbe"
"156729;913566,babi4"
"418219;139687,berislavbabic"
"1268142;803115,babsgosgens"
"1241802;249799,leleb"
"358542;648167,pyb"
"21137;1036969,bacek"
"669250;986705,Bachfischer"
"491515;539751,te-bachi"
"141321;142144,badjeff"
"42477;1202092,BadQuanta"
"758447;753353,adnaan"
"41959;21480,badri"
"1399501;1193638,baepiff"
"1027836;83693,bagelturf"
"16766;157328,bagilevi"
"347304;1037191,bagyr"
"1285230;826449,bahaa-aidi"
"783898;808435,BruceHad"
"1207974;846120,bahaddinyasar"
"765130;612952,bahar2010"
"1146241;1069624,bahiafayez"
"121129;547840,baijum"
"54544;10470,duane"
"787916;656071,jacob-baines"
"777560;380403,bakaburg1"
"1541;375262,bakert"
"77057;186599,atzkey"
"540762;736631,bbuchalter"
"437815;265456,tsbala"
"213735;589384,pbalaban"
"323245;370960,balajinix"
"508397;304393,balarsen"
"857213;1415942,balau"
"30141;243988,balazsbela"
"579801;1213504,balazstth"
"53907;538645,baldrailers"
"759;626729,baldur"
"161194;292464,baldurthoremilsson"
"54343;650892,balduran"
"115769;1450341,evilpacket"
"1047162;1137128,benralexander"
"181187;239965,balexand"
"233144;384309,alistra"
"711464;690827,BallisticBuddha"
"404390;611765,baltauger"
"720384;1441515,KBaluh"
"1370510;1266281,balzaczyy"
"967966;1434302,bambreeze"
"14390;1375719,bamchi"
"995841;404248,bamdadd"
"339914;512277,banago"
"60870;351229,bananastalktome"
"94928;632028,banane"
"802608;1063004,banchanvung"
"150348;172964,BandonRandon"
"192110;762052,scribe"
"125867;900680,severb"
"1071841;611084,bang75"
"541603;364131,banga"
"842707;662063,trailsandtribulations"
"539946;546506,bangonkali"
"611922;835726,bbhavsar"
"316826;424402,cassus"
"5079071;547618,bansaldeepak"
"954475;537002,BanTheRewind"
"726774;872433,banxi1988"
"187285;1391082,mongoose13"
"211026;748252,banzalik"
"649004;634415,baotiao"
"941026;1093149,wenle"
"172212;130814,Bapabooiee"
"911705;1082245,dupuchba"
"325095;387586,baptistemarchand"
"203255;505131,shekar73"
"127523;794407,baracoder"
"1203596;1139495,jsmaker"
"34788;591641,mechanicalgirl"
"503436;1135278,barberj"
"54998;12647,barbie"
"37811;176982,barbuza"
"567806;1353579,barcicki"
"525830;486682,bardurdam"
"433287;1482357,bargenson"
"1289327;284758,brentarias"
"1176119;637580,frbry"
"780093;981041,bkoc"
"741182;972382,barlino"
"179017;102046,barnaba"
"835918;1540757,barnabyaaron"
"10322;768564,barnaclebarnes"
"28765;1324973,barnettech"
"236679;474606,Barneybook"
"11670;382770,barobba"
"199351;473191,balkin"
"12273;969520,anthonybarone"
"323227;426412,VivienBarousse"
"134005;207119,barraponto"
"66714;1443882,callenb"
"763829;695257,tpbarron"
"12631336;739786,barry-napier"
"284438;336429,dahu"
"152958;655667,barrychapman"
"45873;312442,bmelton"
"1175;14895,bjhess"
"2523;334496,btedev"
"872849;922964,barryels"
"1013426;180772,Barryrowe"
"973269;444215,barryvdh"
"794955;721801,barrywey"
"138067;85125,bjedrocha"
"58052;407547,bartvandendriessche"
"417674;1001966,Burgov"
"117151;194366,BartMassey"
"6721;292541,bartman"
"1271283;1472229,bartekbrak"
"10596;165667,delor"
"1070837;1328477,bartezic"
"858547;548618,barthezslavik"
"577895;614360,bartleusink"
"845609;1126591,bkruczyk"
"15478;392981,alexbartlow"
"301596;521197,bsorrentino"
"106586;335412,bartolsthoorn"
"15547;18715,bblimke"
"110550;1471907,bartoszgadzala"
"7323;1169194,bartoszrychlicki"
"1237891;1190545,justablackbird"
"197777;309311,MichelBartz"
"132938;85036,baruch"
"1086368;1005161,enisbaruh"
"153318;74198,basbossink"
"9975;492812,bwesterb"
"681415;1434878,astyanax"
"999965;1258945,Manic0892"
"797;448684,tarcieri"
"1637218;451367,basemkhirat"
"46708;128319,bashwork"
"645334;659691,basilard99"
"90412;841108,bstarynk"
"444206;384016,ryanzec"
"210470;1251050,bassemali"
"748403;653161,bassim"
"927892;602152,BastianNet"
"705274;88851,bastienleonard"
"1518708;1188498,bastosmichael"
"535612;341925,tistaharahap"
"801611;510781,baitcode"
"602991;605275,batlock666"
"86105;169478,mjangda"
"666564;711724,batsuev"
"641959;178258,amitbattan"
"107026;1390389,LemonCake"
"632779;889356,baturinsky"
"304136;1455867,TBaudon"
"58605;338951,Bauerpauer"
"578021;847626,vbauer"
"453208;637399,pbauer"
"903902;1094638,baufaker"
"46043;450778,bauna"
"978502;1457515,Phelerox"
"990479;876147,MichaelScofield"
"176914;640404,wbailey"
"1534413;884104,baz8080"
"380542;969629,bazilio91"
"288581;221236,Baztoune"
"1017745;699972,Bazai"
"1661769;1015855,bbakerman"
"324957;176922,bbannier"
"1316800;1179003,BenBarahona"
"1109202;798607,bbbgscott"
"41536;1457843,bbiao"
"57863;1205138,bbcoimbra"
"74990;151321,brennen"
"1093447;1541266,bbockelm"
"658788;1092762,bbonev"
"1042611;1544484,kolomiichenko"
"1527544;1154082,bbtfr"
"704239;1249928,patriot1burke"
"48100;176978,bboe"
"44468;167925,bcarlso"
"1486426;1222057,bcarpio"
"570976;1152595,bcash"
"478118;9275,bchavez"
"82608;211776,bcherry"
"14498;503612,benoitc"
"46592;519888,ihasb33r"
"1271038;366706,bekapod"
"1185029;1475887,bclead3"
"186480;558757,bcm"
"35545;623672,bcobb"
"13990;234122,bencochran"
"827445;1130037,brunocoelho"
